,Data ID,Data Name,Data Length,Priority,Read/Write,Write Protect Register,Byte 8,Byte 7,Byte 6,Byte 5,Byte 4,Byte 3,Byte 2,Byte 1,Description,Bit Width Per Register,Sign or Unsigned,"Comments
1. Even Parity for R/W registers at the byte level, Mod 2 = 0
2. Byte 8-7 is reserved for packet counter",Default Value [TBD]
Telemetry - Raw ADC counts,0x00,Telemetry Group 1,8,4,Read Only,N/A,RSVD,RSVD,"{4b0000, BATT2_CURR[11:8]}",BATT2_CURR[7:0],"{4b0000, BATT1_CURR[11:8]}",BATT1_CURR[7:0],"{4b0000, CHG_CURR[11:8]}",CHG_CURR[7:0],"Byte 8-7: Reserved
Byte 6-5: Battery 2 Current (BATT2_CURR), 12-BIT
Byte 4-3: Battery 1 Current (BATT1_CURR), 12-BIT
Byte 2-1: Charger Current (CHG_CURR), 12-BIT",12-bit,unsigned,,
,0x01,Telemetry Group 2,8,4,Read Only,N/A,RSVD,RSVD,"{4b0000, LA_IMON[11:8]}",LA_IMON[7:0],"{4b0000, RL_IMON[11:8]}",RL_IMON[7:0],"{4b0000, LL_IMON[11:8]}",LL_IMON[7:0],"Byte 8-7: Reserved
Byte 6-5: Left Arm Current (LA_IMON), 12-BIT
Byte 4-3: Right Leg Current (RL_IMON), 12-BIT
Byte 2-1: Left Leg Current (LL_IMON), 12-BIT",12-bit,unsigned,,
,0x02,Telemetry Group 3,8,4,Read Only,N/A,RSVD,RSVD,"{4b0000, CHG_IN[11:8]}",CHG_IN[7:0],"{4b0000, TR_IMON[11:8]}",TR_IMON[7:0],"{4b0000, RA_IMON[11:8]}",RA_IMON[7:0],"Byte 8-7: Reserved
Byte 6-5: Charger Input Voltage (CHG_IN), 12-BIT
Byte 4-3: Pelvis/Waist Current (TR_IMON), 12-BIT
Byte 2-1: Right Arm Current (RA_IMON), 12-BIT",12-bit,unsigned,,
,0x03,Telemetry Group 4,8,4,Read Only,N/A,RSVD,RSVD,"{4b0000, BATT2_IN[11:8]}",BATT2_IN[7:0],"{4b0000, BATT1_IN[11:8]}",BATT1_IN[7:0],"{4b0000, HV[11:8]}",HV[7:0],"Byte 8-7: Reserved
Byte 6-5: Battery 2 Input Voltage (BATT2_IN), 12-BIT
Byte 4-3: Battery 1 Input Voltage (BATT1_IN), 12-BIT
Byte 2-1: High Voltage Bus Voltage (HV), 12-BIT",12-bit,unsigned,,
,0x04,Telemetry Group 5,8,4,Read Only,N/A,RSVD,RSVD,"{4b0000, CHG_HV[11:8]}",CHG_HV[7:0],"{4b0000, MOT_BUS[11:8]}",MOT_BUS[7:0],"{4b0000, NK_IMON[11:8]}",NK_IMON[7:0],"Byte 8-7: Reserved
Byte 6-5: Charger High Voltage (CHG_HV), 12-BIT
Byte 4-3: Motor Bus Voltage (MOT_BUS), 12-BIT
Byte 2-1: Head Current (NK_IMON), 12-BIT",12-bit,unsigned,,
,0x05,Telemetry Group 6,8,4,Read Only,N/A,RSVD,RSVD,RSVD,RSVD,"{4b0000, USER_HV_CURR[11:8]}",USER_HV_CURR[7:0],"{4b0000, USER_HV[11:8]}",USER_HV[7:0],"Byte 8-7: Reserved
Byte 6-5: Reserved
Byte 4-3: User HV Current (USER_HV_CURR), 12-BIT
Byte 2-1: User HV Bus Voltage (USER_HV), 12-BIT",12-bit,unsigned,,
,0x06,Telemetry Group 7,8,4,Read Only,N/A,RSVD,RSVD,RSVD,RSVD,"{4b0000, PC_24V_IMON[11:8]}",PC_24V_IMON[7:0],"{4b0000, PC_24V[11:8]}",PC_24V[7:0],"Byte 8-7: Reserved
Byte 6-5: Reserved
Byte 4-3: PC 24V Bus Current (PC_24V_IMON), 12-BIT
Byte 2-1: PC 24V Bus Voltage (PC_24V), 12-BIT",12-bit,unsigned,,
,0x07,Telemetry Group 8,8,4,Read Only,N/A,RSVD,RSVD,RSVD,RSVD,"{4b0000, USER_24V_IMON[11:8]}",USER_24V_IMON[7:0],"{4b0000, USER_24V[11:8]}",USER_24V[7:0],"Byte 8-7: Reserved
Byte 6-5: Reserved
Byte 4-3: USER 24V Bus Current (USER_24V_IMON), 12-BIT
Byte 2-1: USER 24V Bus Voltage (USER_24V), 12-BIT",12-bit,unsigned,,
,0x08,Telemetry Group 9,8,4,Read Only,N/A,RSVD,RSVD,RSVD,RSVD,"{4b0000, PC_A_12V_IMON[11:8]}",PC_A_12V_IMON[7:0],"{4b0000, PC_A_12V[11:8]}",PC_A_12V[7:0],"Byte 8-7: Reserved
Byte 6-5: Reserved
Byte 4-3: PC A 12V Bus Current (PC_A_12V_IMON), 12-BIT
Byte 2-1: PC A 12V Bus Voltage (PC_A_12V), 12-BIT",12-bit,unsigned,,
,0x09,Telemetry Group 10,8,4,Read Only,N/A,RSVD,RSVD,RSVD,RSVD,"{4b0000, PC_B_12V_IMON[11:8]}",PC_B_12V_IMON[7:0],"{4b0000, PC_B_12V[11:8]}",PC_B_12V[7:0],"Byte 8-7: Reserved
Byte 6-5: Reserved
Byte 4-3: PC B 12V Bus Current (PC_B_12V_IMON), 12-BIT
Byte 2-1: PC B 12V Bus Voltage (PC_B_12V), 12-BIT",12-bit,unsigned,,
,0x0A,Telemetry Group 11,8,4,Read Only,N/A,RSVD,RSVD,"{4b0000, 24V_IMON2[11:8]}",24V_IMON2[7:0],"{4b0000, 24V_IMON1[11:8]}",24V_IMON1[7:0],"{4b0000, 24V_IMON0[11:8]}",24V_IMON0[7:0],"Byte 8-7: Reserved
Byte 6-5: 24V Module 2 Current (24V_IMON2), 12-BIT
Byte 4-3: 24V Module 1 Current (24V_IMON1), 12-BIT
Byte 2-1: 24V Module 0 Current (24V_IMON0), 12-BIT",12-bit,unsigned,,
,0x0B,Telemetry Group 12,8,4,Read Only,N/A,RSVD,RSVD,"{4b0000, 12V_IMON2[11:8]}",12V_IMON2[7:0],"{4b0000, 12V_IMON1[11:8]}",12V_IMON1[7:0],"{4b0000, 12V_IMON0[11:8]}",12V_IMON0[7:0],"Byte 8-7: Reserved
Byte 6-5: 12V A Module 2 Current (12V_IMON2), 12-BIT
Byte 4-3: 12V A Module 1 Current (12V_IMON1), 12-BIT
Byte 2-1: 12V A Module 0 Current (12V_IMON0), 12-BIT",12-bit,unsigned,,
,0x0C,Telemetry Group 13,8,4,Read Only,N/A,RSVD,RSVD,RSVD,RSVD,"{4b0000, 12V_BUS_A_VOLTAGE[11:8]}",12V_BUS_A_VOLTAGE[7:0],"{4b0000, 24V_BUS_VOLTAGE[11:8]}",24V_BUS_VOLTAGE[7:0],"Byte 8-7: Reserved
Byte 6-5: Reserved
Byte 4-3: 12V Bus A Voltage, 12-BIT
Byte 2-1: 24V Bus Voltage, 12-BIT",12-bit,unsigned,,
,0x0D,Telemetry Group 14,8,4,Read Only,N/A,RSVD,RSVD,RSVD,RSVD,"{4b0000, 5V_CURR[11:8]}",5V_CURR[7:0],"{4b0000, 5V[11:8]}",5V[7:0],"Byte 8-7: Reserved
Byte 6-5: Reserved
Byte 4-3: 5V Bus Current (5V_CURR), 12-BIT
Byte 2-1: 5V Bus Voltage (5V), 12-BIT",12-bit,unsigned,,
,0x0E,Telemetry Group 15,8,4,Read Only,N/A,RSVD,RSVD,RSVD,RSVD,"{4b0000, 3.3V_CURR[11:8]}",3.3V_CURR[7:0],"{4b0000, 3.3V[11:8]}",3.3V[7:0],"Byte 8-7: Reserved
Byte 6-5: Reserved
Byte 4-3: 3.3V Bus Current (3.3V_CURR), 12-BIT
Byte 2-1: 3.3V Bus Voltage (3.3V), 12-BIT",12-bit,unsigned,,
,0x0F,Telemetry Group 16,8,4,Read Only,N/A,RSVD,RSVD,RSVD,RSVD,"{4b0000, AUX_24V_CURR[11:8]}",AUX_24V_CURR[7:0],"{4b0000, AUX_24V[11:8]}",AUX_24V[7:0],"Byte 8-7: Reserved
Byte 6-5: Reserved
Byte 4-3: 24V AUX Bus Current (AUX_24V_CURR), 12-BIT
Byte 2-1: 24V AUX Bus Voltage (AUX_24V), 12-BIT",12-bit,unsigned,,
,0x10,Telemetry Group 17,8,4,Read Only,N/A,RSVD,RSVD,RSVD,RSVD,"{4b0000, AUX_12V_CURR[11:8]}",AUX_12V_CURR[7:0],"{4b0000, AUX_12V[11:8]}",AUX_12V[7:0],"Byte 8-7: Reserved
Byte 6-5: Reserved
Byte 4-3: 12V AUX Bus Current (AUX_12V_CURR), 12-BIT
Byte 2-1: 12V AUX Bus Voltage (AUX_12V), 12-BIT",12-bit,unsigned,,
,0x11,Telemetry Group 18,8,4,Read Only,N/A,RSVD,RSVD,RSVD,RSVD,"{4b0000, ESTOP_REC_B_12V[11:8]}",ESTOP_REC_B_12V[7:0],"{4b0000, ESTOP_REC_A_12V[11:8]}",ESTOP_REC_A_12V[7:0],"Byte 8-7: Reserved
Byte 6-5: Reserved
Byte 4-3: ESTOP B Receiver Voltage (ESTOP_REC_B_12V), 12-BIT
Byte 2-1: ESTOP A Receiver Voltage (ESTOP_REC_A_12V), 12-BIT",12-bit,unsigned,,
,0x12,Telemetry Group 19,8,4,Read Only,N/A,RSVD,RSVD,RSVD,RSVD,"{4b0000, 12V_B_IMON4[11:8]}",12V_B_IMON4[7:0],"{4b0000, 12V_B_IMON3[11:8]}",12V_B_IMON3[7:0],"Byte 8-7: Reserved
Byte 6-5: Reserved
Byte 4-3: 12V B Module 4 Current (12V_B_IMON4), 12-BIT
Byte 2-1: 12V B Module 3 Current (12V_B_IMON3), 12-BIT",12-bit,unsigned,,
,0x13,Telemetry Group 20,8,4,Read Only,N/A,RSVD,RSVD,RSVD,RSVD,"{4b0000, MB_SP_IMON[11:8]}",MB_SP_IMON[7:0],"{4b0000, HV_OR[11:8]}",HV_OR[7:0],"Byte 8-7: Reserved
Byte 6-5: Reserved
Byte 4-3: Spare Motor Bus Current (MB_SP_IMON), 12-BIT
Byte 2-1: Battery HV_OR voltage (HV_OR), 12-BIT",12-bit,unsigned,,
,0x14,Telemetry Group 21,8,4,Read Only,N/A,RSVD,RSVD,"{4b0000, TEMP2[11:8]}",TEMP2[7:0],"{4b0000, TEMP1[11:8]}",TEMP1[7:0],"{4b0000, TEMP0[11:8]}",TEMP0[7:0],"Byte 8-7: Reserved
Byte 6-5: Temperature Sensor 2 (TEMP2), 12-BIT
Byte 4-3: Temperature Sensor 1 (TEMP1), 12-BIT
Byte 2-1: Temperature Sensor 0 (TEMP0), 12-BIT",12-bit,unsigned,,
,0x15,Telemetry Group 22,8,4,Read Only,N/A,RSVD,RSVD,"{4b0000, TEMP5[11:8]}",TEMP5[7:0],"{4b0000, TEMP4[11:8]}",TEMP4[7:0],"{4b0000, TEMP3[11:8]}",TEMP3[7:0],"Byte 8-7: Reserved
Byte 6-5: Temperature Sensor 5 (TEMP5), 12-BIT
Byte 4-3: Temperature Sensor 4 (TEMP4), 12-BIT
Byte 2-1: Temperature Sensor 3 (TEMP3), 12-BIT",12-bit,unsigned,,
,0x16,Telemetry Group 23,8,4,Read Only,N/A,RSVD,RSVD,RSVD,RSVD,"{4b0000, EX_TEMP1[11:8]}",EX_TEMP1[7:0],"{4b0000, EX_TEMP0[11:8]}",EX_TEMP0[7:0],"Byte 8-7: Reserved
Byte 6-5: Reserved
Byte 4-3: External Temperature Sensor 1 (EX_TEMP1), 12-BIT
Byte 2-1: External Temperature Sensor 0 (EX_TEMP0), 12-BIT",12-bit,unsigned,,
,0x17,Telemetry Group 24,8,4,Read Only,N/A,RSVD,RSVD,RSVD,RSVD,"{4b0000, LIDAR_B_12V[11:8]}",LIDAR_B_12V[7:0],"{4b0000, LIDAR_A_12V[11:8]}",LIDAR_A_12V[7:0],"Byte 8-7: Reserved
Byte 6-5: Reserved
Byte 4-3: LIDAR B Bus Voltage (LIDAR_B_12V), 12-BIT
Byte 2-1: LIDAR A Bus Voltage (LIDAR_A_12V), 12-BIT",12-bit,unsigned,,
,0x18,Telemetry Group 25,8,4,Read Only,N/A,RSVD,RSVD,RSVD,RSVD,"{4b0000, CHG_HVIL_OUT[11:8]}",CHG_HVIL_OUT[7:0],"{4b0000, STO_24V[11:8]}",STO_24V[7:0],"Byte 8-7: Reserved
Byte 6-5: Reserved
Byte 4-3: Charger Interlock Voltage (CHG_HVIL_OUT), 12-BIT
Byte 2-1: STO Voltage (STO_24V), 12-BIT",12-bit,unsigned,,
,0x19,Telemetry Group 26,8,4,Read Only,N/A,RSVD,RSVD,RSVD,RSVD,"{4b0000, ETH_1.2V[11:8]}",ETH_1.2V[7:0],"{4b0000, ETH_2.5V[11:8]}",ETH_2.5V[7:0],"Byte 8-7: Reserved
Byte 6-5: Reserved
Byte 4-3: Ethernet 1.2V Voltage (ETH_1.2V), 12-BIT
Byte 2-1: Ethernet 2.5V Voltage (ETH_2.5V ), 12-BIT",12-bit,unsigned,,
,0x1A,Telemetry Group 27,8,4,Read Only,N/A,RSVD,RSVD,RSVD,RSVD,"{4b0000, ECAT_1.2V[11:8]}",ECAT_1.2V[7:0],"{4b0000, ECAT_3.3V[11:8]}",ECAT_3.3V[7:0],"Byte 8-7: Reserved
Byte 6-5: Reserved
Byte 4-3: EtherCAT 1.2V Voltage (ECAT_1.2V), 12-BIT
Byte 2-1: EtherCAT 3.3V Voltage (ECAT_3.3V ), 12-BIT",12-bit,unsigned,,
Command and Statuses,0x1B,"Power Good Detection from Comparator
(COMP_PDG)",8,4,Read Only,N/A,RSVD,RSVD,RSVD,RSVD,RSVD,"{5b00000, ROBOT_STO, MB_USER, MB_NK}","{TR_J2J3, TR_J1, RA_J2J7, RA_J1, LA_J2J7, LA_J1, RL_J5J6, RL_J4}","{RL_J3, RL_J2, RL_J1, LL_J5J6, LL_J4, LL_J3, LL_J2, LL_J1}","Byte 8-4: Reserved
Byte 3: {5b00000, ROBOT_STO, MB_USER, MB_NK}
Byte 2: {TR_J2J3, TR_J1, RA_J2J7, RA_J1, LA_J2J7, LA_J1, RL_J5J6, RL_J4}
Byte 1: {RL_J3, RL_J2, RL_J1, LL_J5J6, LL_J4, LL_J3, LL_J2, LL_J1}",,BIt Mapped,,
,0x1C,Power Good and Fault Group 1,8,4,Read Only,N/A,RSVD,RSVD,RSVD,RSVD,RSVD,"{6b000000, IO0_P4.1, IO0_P4.0}","{MB_RA_FLTn, MB_RL_FLTn, MB_LA_FLTn, MB_LL_FLTn, MB_TR_FLTn, MB_SP_FLTn, MB_NK_FLTn, 12V_B_PGD}","{3b000, CHG_FLTn, BATT1_FLTn, BATT2_FLTn, MOT_BUS_FLTn, USER_HV_FLTn}","Byte 8-4: Reserved
Byte 3: {6b000000, IO0_P4.1, IO0_P4.0}
Byte 2: {MB_RA_FLTn, MB_RL_FLTn, MB_LA_FLTn, MB_LL_FLTn, MB_TR_FLTn, MB_SP_FLTn, MB_NK_FLTn, 12V_B_PGD}
Byte 1: {3b000, CHG_FLTn, BATT1_FLTn, BATT2_FLTn, MOT_BUS_FLTn, USER_HV_FLTn}",,BIt Mapped,"IO1_P4.1: 3.3V, should read 1
IO1_P4.0: DGND, should read 0",
,0x1D,Power Good and Fault Group 2,8,4,Read Only,N/A,RSVD,RSVD,RSVD,RSVD,RSVD,RSVD,"{6b000000, AUX_12V_FLTn, AUX_12V_PG}","{PC_24V_FLTn, AUX_24V_FLTn, USER_24V_FLTn, 1b0, PC_A_12V_PG, PC_A_12_FLTn, PC_B_12V_PG, PC_B_12V_FLTn}","Byte 8-3: Reserved
Byte 2: {6b000000, AUX_12V_FLTn, AUX_12V_PG}
Byte 1: {PC_24V_FLTn, AUX_24V_FLTn, USER_24V_FLTn, 1b0, PC_A_12V_PG, PC_A_12_FLTn, PC_B_12V_PG, PC_B_12V_FLTn}",,BIt Mapped,,
,0x1E,Power Good and Fault Group 3,8,4,Read Only,N/A,RSVD,RSVD,RSVD,RSVD,RSVD,RSVD,"{6b000000, IO1_P4.1, IO1_P4.0}","{24V_PGD, 12V_PGD, 5V_PGD, GPIO_EX_ADC0, GPIO_EX_ADC1, GPIO_EX_ADC2, BATT1_OCn, BATT2_OCn}","Byte 8-4: Reserved
Byte 3: Reserved
Byte 2: {6b000000, IO1_P4.1, IO1_P4.0}
Byte 1: {24V_PGD, 12V_PGD, 5V_PGD, GPIO_EX_ADC0, GPIO_EX_ADC1, GPIO_EX_ADC2, BATT1_OCn, BATT2_OCn}",,BIt Mapped,"IO1_P4.1: DGND, should read 0
IO1_P4.0: 3.3V, should read 1",
,0x1F,Power Enable Group 1,8,4,Read/Write,0x1FA - Byte 2 - Bit 0,RSVD,RSVD,RSVD,RSVD,RSVD,RSVD,RSVD,"{ESC_EEPROM_WC1n, ESC_EEPROM_WC2n, ESC_EEPROM_WC3n, 1b0, PC_24V_IGNITE, PC_A_12V_IGNITE, PC_B_12V_IGNITE, Parity Bit}","Byte 8-4: Reserved
Byte 3: Reserved
Byte 2: Reserved
Byte 1: {ESC_EEPROM_WC1n, ESC_EEPROM_WC2n, ESC_EEPROM_WC3n, 1b0, PC_24V_IGNITE, PC_A_12V_IGNITE, PC_B_12V_IGNITE, Parity Bit}",,BIt Mapped,,
,0x20,Power Enable Group 2,8,4,Read/Write,"0x1FA - Byte 3 - Bit 2, 1, 0",RSVD,RSVD,RSVD,RSVD,RSVD,"{AUX_12V_EN, MCU_ALARM_EN, ECAT_ENn, ETH_ENn, ESC_RST, ESTOP_REC_A_12V_EN, ESTOP_REC_B_12V_EN, Parity Bit}","{STO_24V_EN, PC_A_12V_EN, PC_B_12V_EN, LIDAR_A_12V_EN, LIDAR_B_12V_EN, MCU_STO_EN, USER_HV_ON, Parity Bit}","{24V_EN, 12V_EN, 12V_B_EN, 5V_EN, PC_24V_ON, AUX_24V_ON, USER_24V_ON, Parity Bit}","Byte 8-4: Reserved
Byte 3: {AUX_12V_EN, MCU_ALARM_EN, ECAT_ENn, ETH_ENn, ESC_RST, ESTOP_REC_A_12V_EN, ESTOP_REC_B_12V_EN, Parity Bit}
Byte 2: {STO_24V_EN, PC_A_12V_EN, PC_B_12V_EN, LIDAR_A_12V_EN, LIDAR_B_12V_EN, MCU_STO_EN, USER_HV_ON, Parity Bit}
Byte 1: {24V_EN, 12V_EN, 12V_B_EN, 5V_EN, PC_24V_ON, AUX_24V_ON, USER_24V_ON, Parity Bit}",,BIt Mapped,,
,0x21,Power Enable Group 3,8,4,Read/Write,"0x1FA - Byte 4 - Bit 3, 2, 1, 0",RSVD,RSVD,RSVD,RSVD,"{2b00, CHG_REM_ON, CHG_REM_PG, MOT_BUS_RELAY_CTRL, BATT2_RELAY_CTRL, BATT1_RELAY_CTRL, Parity Bit}","{4b0000, BATT1_EN, BATT1_INP1, BATT1_INP2, Parity Bit}","{4b0000, BATT2_EN, BATT2_INP1, BATT2_INP2, Parity Bit}","{4b0000, MOT_BUS_EN, MOT_BUS_INP1, MOT_BUS_INP2, Parity Bit}","Byte 8-5: Reserved
Byte 4: {2b00, CHG_REM_ON, CHG_REM_PG, MOT_BUS_RELAY_CTRL, BATT2_RELAY_CTRL, BATT1_RELAY_CTRL, Parity Bit}
Byte 3: {4b0000, BATT1_EN, BATT1_INP1, BATT1_INP2, Parity Bit}
Byte 2: {4b0000, BATT2_EN, BATT2_INP1, BATT2_INP2, Parity Bit}
Byte 1: {4b0000, MOT_BUS_EN, MOT_BUS_INP1, MOT_BUS_INP2, Parity Bit}",,BIt Mapped,,
,0x22,Peripheral Inputs,8,4,Read Only,N/A,RSVD,RSVD,RSVD,RSVD,RSVD,RSVD,RSVD,"{MCU_PB_OUT, MCU_ESTOP_SW_OUT, CHG_HVIL_OUT_DET, MCU_ESTOP1_B, MCU_ESTOP1_B, PC_OUT2, PC_OUT1, PC_OUT0}","Byte 8-2: Reserved
Byte 1: {MCU_PB_OUT, MCU_ESTOP_SW_OUT, CHG_HVIL_OUT_DET, MCU_ESTOP1_B, MCU_ESTOP1_B, PC_OUT2, PC_OUT1, PC_OUT0}",,BIt Mapped,,
,0x23,Power Enable Group 4,8,4,Read/Write,"0x1FA - Byte 5 - Bit 2, 1, 0",RSVD,RSVD,RSVD,RSVD,RSVD,"{3b000, PANEL_LED3, PANEL_LED2, PANEL_LED1, PANEL_LED0, Parity Bit}","{2b00, 3.3V_ISO_CTRL4, 3.3V_ISO_CTRL3, 3.3V_ISO_CTRL2, 3.3V_ISO_CTRL1, 3.3V_ISO_CTRL0, Parity Bit}","{4b0000, PC_IN2, PC_IN1, PC_IN0, Parity Bit}","Byte 8-4: Reserved
Byte 3: {3b000, PANEL_LED3, PANEL_LED2, PANEL_LED1, PANEL_LED0, Parity Bit}
Byte 2: {2b00, 3.3V_ISO_CTRL4, 3.3V_ISO_CTRL3, 3.3V_ISO_CTRL2, 3.3V_ISO_CTRL1, 3.3V_ISO_CTRL0, Parity Bit}
Byte 1: {4b0000,  PC_IN2, PC_IN1, PC_IN0, Parity Bit}",,BIt Mapped,,
,,,,,,,,,,,,,,,,,,,
Calibration - Offsets,0x30,ADC Offset Group 1,8,4,Read/Write,0x1FA - Byte 1 - Bit 1,RSVD,RSVD,BATT2_CURR_OFS[15:8],BATT2_CURR_OFS[7:0],BATT1_CURR_OFS[15:8],BATT1_CURR_OFS[7:0],CHG_CURR_OFS[15:8],CHG_CURR_OFS[7:0],"Byte 8-7: Reserved
Byte 6-5: Battery 2 Current Offset (BATT2_CURR_OFS), 16-BIT
Byte 4-3: Battery 1 Current Offset (BATT1_CURR_OFS), 16-BIT
Byte 2-1: Charger Current Offset (CHG_CURR_OFS), 16-BIT",16-bit,signed,"Calibrated Values = (Raw values - Offset) * Scale / 4095, where 4095 = 2^12-1",
,0x31,ADC Offset Group 2,8,4,Read/Write,0x1FA - Byte 1 - Bit 1,RSVD,RSVD,LA_IMON_OFS[15:8],LA_IMON_OFS[7:0],RL_IMON_OFS[15:8],RL_IMON_OFS[7:0],LL_IMON_OFS[15:8],LL_IMON_OFS[7:0],"Byte 8-7: Reserved
Byte 6-5: Left Arm Current Offset (LA_IMON_OFS), 16-BIT
Byte 4-3: Right Leg Current Offset (RL_IMON_OFS), 16-BIT
Byte 2-1: Left Leg Current Offset (LL_IMON_OFS), 16-BIT",16-bit,signed,,
,0x32,ADC Offset Group 3,8,4,Read/Write,0x1FA - Byte 1 - Bit 1,RSVD,RSVD,CHG_IN_OFS[15:8],CHG_IN_OFS[7:0],TR_IMON_OFS[15:8],TR_IMON_OFS[7:0],RA_IMON_OFS[15:8],RA_IMON_OFS[7:0],"Byte 8-7: Reserved
Byte 6-5: Charger Input Voltage Offset (CHG_IN_OFS), 16-BIT
Byte 4-3: Pelvis/Waist Current Offset (TR_IMON_OFS), 16-BIT
Byte 2-1: Right Arm Current Offset (RA_IMON_OFS), 16-BIT",16-bit,signed,,
,0x33,ADC Offset Group 4,8,4,Read/Write,0x1FA - Byte 1 - Bit 1,RSVD,RSVD,BATT2_IN_OFS[15:8],BATT2_IN_OFS[7:0],BATT1_IN_OFS[15:8],BATT1_IN_OFS[7:0],HV_OFS[15:8],HV_OFS[7:0],"Byte 8-7: Reserved
Byte 6-5: Battery 2 Input Voltage Offset (BATT2_IN_OFS), 16-BIT
Byte 4-3: Battery 1 Input Voltage Offset (BATT1_IN_OFS), 16-BIT
Byte 2-1: High Voltage Bus Voltage Offset (HV_OFS), 16-BIT",16-bit,signed,,
,0x34,ADC Offset Group 5,8,4,Read/Write,0x1FA - Byte 1 - Bit 1,RSVD,RSVD,CHG_HV_OFS[15:8],CHG_HV_OFS[7:0],MOT_BUS_OFS[15:8],MOT_BUS_OFS[7:0],NK_IMON_OFS[15:8],NK_IMON_OFS[7:0],"Byte 8-7: Reserved
Byte 6-5: Charger High Voltage Offset (CHG_HV_OFS), 16-BIT
Byte 4-3: Motor Bus Voltage Offset (MOT_BUS_OFS), 16-BIT
Byte 2-1: Head Current Offset (NK_IMON_OFS), 16-BIT",16-bit,signed,,
,0x35,ADC Offset Group 6,8,4,Read/Write,0x1FA - Byte 1 - Bit 1,RSVD,RSVD,RSVD,RSVD,USER_HV_CURR_OFS[15:8],USER_HV_CURR_OFS[7:0],USER_HV_OFS[15:8],USER_HV_OFS[7:0],"Byte 8-7: Reserved
Byte 6-5: Reserved
Byte 4-3: User HV Current Offset (USER_HV_CURR_OFS), 16-BIT
Byte 2-1: User HV Bus Voltage Offset (USER_HV_OFS), 16-BIT",16-bit,signed,,
,0x36,ADC Offset Group 7,8,4,Read/Write,0x1FA - Byte 1 - Bit 1,RSVD,RSVD,RSVD,RSVD,PC_24V_IMON_OFS[15:8],PC_24V_IMON_OFS[7:0],PC_24V_OFS[15:8],PC_24V_OFS[7:0],"Byte 8-7: Reserved
Byte 6-5: Reserved
Byte 4-3: PC 24V Bus Current Offset (PC_24V_IMON_OFS), 16-BIT
Byte 2-1: PC 24V Bus Voltage Offset (PC_24V_OFS), 16-BIT",16-bit,signed,,
,0x37,ADC Offset Group 8,8,4,Read/Write,0x1FA - Byte 1 - Bit 1,RSVD,RSVD,RSVD,RSVD,USER_24V_IMON_OFS[15:8],USER_24V_IMON_OFS[7:0],USER_24V_OFS[15:8],USER_24V_OFS[7:0],"Byte 8-7: Reserved
Byte 6-5: Reserved
Byte 4-3: USER 24V Bus Current Offset (USER_24V_IMON_OFS), 16-BIT
Byte 2-1: USER 24V Bus Voltage Offset (USER_24V_OFS), 16-BIT",16-bit,signed,,
,0x38,ADC Offset Group 9,8,4,Read/Write,0x1FA - Byte 1 - Bit 1,RSVD,RSVD,RSVD,RSVD,PC_A_12V_IMON_OFS[15:8],PC_A_12V_IMON_OFS[7:0],PC_A_12V_OFS[15:8],PC_A_12V_OFS[7:0],"Byte 8-7: Reserved
Byte 6-5: Reserved
Byte 4-3: PC A 12V Bus Current Offset (PC_A_12V_IMON_OFS), 16-BIT
Byte 2-1: PC A 12V Bus Voltage Offset (PC_A_12V_OFS), 16-BIT",16-bit,signed,,
,0x39,ADC Offset Group 10,8,4,Read/Write,0x1FA - Byte 1 - Bit 1,RSVD,RSVD,RSVD,RSVD,PC_B_12V_IMON_OFS[15:8],PC_B_12V_IMON_OFS[7:0],PC_B_12V_OFS[15:8],PC_B_12V_OFS[7:0],"Byte 8-7: Reserved
Byte 6-5: Reserved
Byte 4-3: PC B 12V Bus Current Offset (PC_B_12V_IMON_OFS), 16-BIT
Byte 2-1: PC B 12V Bus Voltage Offset (PC_B_12V_OFS), 16-BIT",16-bit,signed,,
,0x3A,ADC Offset Group 11,8,4,Read/Write,0x1FA - Byte 1 - Bit 1,RSVD,RSVD,24V_IMON2_OFS[15:8],24V_IMON2_OFS[7:0],24V_IMON1_OFS[15:8],24V_IMON1_OFS[7:0],24V_IMON0_OFS[15:8],24V_IMON0_OFS[7:0],"Byte 8-7: Reserved
Byte 6-5: 24V Module 2 Current Offset (24V_IMON2_OFS), 16-BIT
Byte 4-3: 24V Module 1 Current Offset (24V_IMON1_OFS), 16-BIT
Byte 2-1: 24V Module 0 Current Offset (24V_IMON0_OFS), 16-BIT",16-bit,signed,,
,0x3B,ADC Offset Group 12,8,4,Read/Write,0x1FA - Byte 1 - Bit 1,RSVD,RSVD,12V_IMON2_OFS[15:8],12V_IMON2_OFS[7:0],12V_IMON1_OFS[15:8],12V_IMON1_OFS[7:0],12V_IMON0_OFS[15:8],12V_IMON0_OFS[7:0],"Byte 8-7: Reserved
Byte 6-5: 12V A Module 2 Current Offset (12V_IMON2_OFS), 16-BIT
Byte 4-3: 12V A Module 1 Current Offset (12V_IMON1_OFS), 16-BIT
Byte 2-1: 12V A Module 0 Current Offset (12V_IMON0_OFS), 16-BIT",16-bit,signed,,
,0x3C,ADC Offset Group 13,8,4,Read/Write,0x1FA - Byte 1 - Bit 1,RSVD,RSVD,RSVD,RSVD,12V_OFS[15:8],12V_OFS[7:0],24V_OFS[15:8],24V_OFS[7:0],"Byte 8-7: Reserved
Byte 6-5: Reserved
Byte 4-3: 12V Bus A Voltage Offset (12V_OFS), 16-BIT
Byte 2-1: 24V Bus Voltage Offset (24V_OFS), 16-BIT",16-bit,signed,,
,0x3D,ADC Offset Group 14,8,4,Read/Write,0x1FA - Byte 1 - Bit 1,RSVD,RSVD,RSVD,RSVD,5V_CURR_OFS[15:8],5V_CURR_OFS[7:0],5V_OFS[15:8],5V_OFS[7:0],"Byte 8-7: Reserved
Byte 6-5: Reserved
Byte 4-3: 5V Bus Current Offset (5V_CURR_OFS), 16-BIT
Byte 2-1: 5V Bus Voltage Offset (5V_OFS), 16-BIT",16-bit,signed,,
,0x3E,ADC Offset Group 15,8,4,Read/Write,0x1FA - Byte 1 - Bit 1,RSVD,RSVD,RSVD,RSVD,3.3V_CURR_OFS[15:8],3.3V_CURR_OFS[7:0],3.3V_OFS[15:8],3.3V_OFS[7:0],"Byte 8-7: Reserved
Byte 6-5: Reserved
Byte 4-3: 3.3V Bus Current Offset (3.3V_CURR_OFS), 16-BIT
Byte 2-1: 3.3V Bus Voltage Offset (3.3V_OFS), 16-BIT",16-bit,signed,,
,0x3F,ADC Offset Group 16,8,4,Read/Write,0x1FA - Byte 1 - Bit 1,RSVD,RSVD,RSVD,RSVD,AUX_24V_CURR_OFS[15:8],AUX_24V_CURR_OFS[7:0],AUX_24V_OFS[15:8],AUX_24V_OFS[7:0],"Byte 8-7: Reserved
Byte 6-5: Reserved
Byte 4-3: 24V AUX Bus Current Offset (AUX_24V_CURR_OFS), 16-BIT
Byte 2-1: 24V AUX Bus Voltage Offset (AUX_24V_OFS), 16-BIT",16-bit,signed,,
,0x40,ADC Offset Group 17,8,4,Read/Write,0x1FA - Byte 1 - Bit 1,RSVD,RSVD,RSVD,RSVD,AUX_12V_CURR_OFS[15:8],AUX_12V_CURR_OFS[7:0],AUX_12V_OFS[15:8],AUX_12V_OFS[7:0],"Byte 8-7: Reserved
Byte 6-5: Reserved
Byte 4-3: 12V AUX Bus Current Offset (AUX_12V_CURR_OFS), 16-BIT
Byte 2-1: 12V AUX Bus Voltage Offset (AUX_12V_OFS), 16-BIT",16-bit,signed,,
,0x41,ADC Offset Group 18,8,4,Read/Write,0x1FA - Byte 1 - Bit 1,RSVD,RSVD,RSVD,RSVD,ESTOP_REC_B_12V_OFS[15:8],ESTOP_REC_B_12V_OFS[7:0],ESTOP_REC_A_12V_OFS[15:8],ESTOP_REC_A_12V_OFS[7:0],"Byte 8-7: Reserved
Byte 6-5: Reserved
Byte 4-3: ESTOP B Receiver Voltage Offset (ESTOP_REC_B_12V_OFS), 16-BIT
Byte 2-1: ESTOP A Receiver Voltage Offset (ESTOP_REC_A_12V_OFS), 16-BIT",16-bit,signed,,
,0x42,ADC Offset Group 19,8,4,Read/Write,0x1FA - Byte 1 - Bit 1,RSVD,RSVD,RSVD,RSVD,12V_B_IMON4_OFS[15:8],12V_B_IMON4_OFS[7:0],12V_B_IMON3_OFS[15:8],12V_B_IMON3_OFS[7:0],"Byte 8-7: Reserved
Byte 6-5: Reserved
Byte 4-3: 12V B Module 4 Current Offset (12V_B_IMON4_OFS), 16-BIT
Byte 2-1: 12V B Module 3 Current Offset (12V_B_IMON3_OFS), 16-BIT",16-bit,signed,,
,0x43,ADC Offset Group 20,8,4,Read/Write,0x1FA - Byte 1 - Bit 1,RSVD,RSVD,RSVD,RSVD,MB_SP_IMON_OFS[15:8],MB_SP_IMON_OFS[7:0],HV_OR_OFS[15:8],HV_OR_OFS[7:0],"Byte 8-7: Reserved
Byte 6-5: Reserved
Byte 4-3: Spare Motor Bus Current Offset (MB_SP_IMON_OFS), 16-BIT
Byte 2-1: Battery HV_OR voltage Offset (HV_OR_OFS), 16-BIT",16-bit,signed,,
,0x44,ADC Offset Group 21,8,4,Read/Write,0x1FA - Byte 1 - Bit 1,RSVD,RSVD,TEMP2_OFS[15:8],TEMP2_OFS[7:0],TEMP1_OFS[15:8],TEMP1_OFS[7:0],TEMP0_OFS[15:8],TEMP0_OFS[7:0],"Byte 8-7: Reserved
Byte 6-5: Temperature Sensor 2 Offset (TEMP2_OFS), 16-BIT
Byte 4-3: Temperature Sensor 1 Offset (TEMP1_OFS), 16-BIT
Byte 2-1: Temperature Sensor 0 Offset (TEMP0_OFS), 16-BIT",16-bit,signed,,
,0x45,ADC Offset Group 22,8,4,Read/Write,0x1FA - Byte 1 - Bit 1,RSVD,RSVD,TEMP5_OFS[15:8],TEMP5_OFS[7:0],TEMP4_OFS[15:8],TEMP4_OFS[7:0],TEMP3_OFS[15:8],TEMP3_OFS[7:0],"Byte 8-7: Reserved
Byte 6-5: Temperature Sensor 5 Offset (TEMP5_OFS), 16-BIT
Byte 4-3: Temperature Sensor 4 Offset (TEMP4_OFS), 16-BIT
Byte 2-1: Temperature Sensor 3 Offset (TEMP3_OFS), 16-BIT",16-bit,signed,,
,0x46,ADC Offset Group 23,8,4,Read/Write,0x1FA - Byte 1 - Bit 1,RSVD,RSVD,RSVD,RSVD,EX_TEMP1_OFS[15:8],EX_TEMP1_OFS[7:0],EX_TEMP0_OFS[15:8],EX_TEMP0_OFS[7:0],"Byte 8-7: Reserved
Byte 6-5: Reserved
Byte 4-3: External Temperature Sensor 1 Offset (EX_TEMP1_OFS), 16-BIT
Byte 2-1: External Temperature Sensor 0 Offset (EX_TEMP0_OFS), 16-BIT",16-bit,signed,,
,0x47,ADC Offset Group 24,8,4,Read/Write,0x1FA - Byte 1 - Bit 1,RSVD,RSVD,RSVD,RSVD,LIDAR_B_12V_OFS[15:8],LIDAR_B_12V_OFS[7:0],LIDAR_A_12V_OFS[15:8],LIDAR_A_12V_OFS[7:0],"Byte 8-7: Reserved
Byte 6-5: Reserved
Byte 4-3: LIDAR B Bus Voltage Offset (LIDAR_B_12V_OFS), 16-BIT
Byte 2-1: LIDAR A Bus Voltage Offset (LIDAR_A_12V_OFS), 16-BIT",16-bit,signed,,
,0x48,ADC Offset Group 25,8,4,Read/Write,0x1FA - Byte 1 - Bit 1,RSVD,RSVD,RSVD,RSVD,CHG_HVIL_OUT_OFS[15:8],CHG_HVIL_OUT_OFS[7:0],STO_24V_OFS[15:8],STO_24V_OFS[7:0],"Byte 8-7: Reserved
Byte 6-5: Reserved
Byte 4-3: Charger Interlock Voltage Offset (CHG_HVIL_OUT_OFS), 16-BIT
Byte 2-1: STO Voltage Offset (STO_24V_OFS), 16-BIT",16-bit,signed,,
,0x49,ADC Offset Group 26,8,4,Read/Write,0x1FA - Byte 1 - Bit 1,RSVD,RSVD,RSVD,RSVD,ETH_1.2V_OFS[15:8],ETH_1.2V_OFS[7:0],ETH_2.5V_OFS[15:8],ETH_2.5V_OFS[7:0],"Byte 8-7: Reserved
Byte 6-5: Reserved
Byte 4-3: Ethernet 1.2V Voltage Offset (ETH_1.2V_OFS), 16-BIT
Byte 2-1: Ethernet 2.5V Voltage Offset  (ETH_2.5V_OFS), 16-BIT",16-bit,signed,,
,0x4A,ADC Offset Group 27,8,4,Read/Write,0x1FA - Byte 1 - Bit 1,RSVD,RSVD,RSVD,RSVD,ECAT_1.2V_OFS[15:8],ECAT_1.2V_OFS[7:0],ECAT_3.3V_OFS[15:8],ECAT_3.3V_OFS[7:0],"Byte 8-7: Reserved
Byte 6-5: Reserved
Byte 4-3: EtherCAT 1.2V Voltage Offset (ECAT_1.2V_OFS), 16-BIT
Byte 2-1: EtherCAT 3.3V Voltage Offset (ECAT_3.3V_OFS), 16-BIT",16-bit,signed,,
,,,,,,,,,,,,,,,,,,,
Calibration - Scale,0x50,ADC Scale Group 1,8,4,Read/Write,0x1FA - Byte 1 - Bit 2,RSVD,RSVD,BATT2_CURR_SCL[15:8],BATT2_CURR_SCL[7:0],BATT1_CURR_SCL[15:8],BATT1_CURR_SCL[7:0],CHG_CURR_SCL[15:8],CHG_CURR_SCL[7:0],"Byte 8-7: Reserved
Byte 6-5: Battery 2 Current Scale (BATT2_CURR_SCL), 16-BIT
Byte 4-3: Battery 1 Current Scale (BATT1_CURR_SCL), 16-BIT
Byte 2-1: Charger Current Scale (CHG_CURR_SCL), 16-BIT",16-bit,signed,"Calibrated Values = (Raw values - Offset) * Scale / 4095, where 4095 = 2^12-1",
,0x51,ADC Scale Group 2,8,4,Read/Write,0x1FA - Byte 1 - Bit 2,RSVD,RSVD,LA_IMON_SCL[15:8],LA_IMON_SCL[7:0],RL_IMON_SCL[15:8],RL_IMON_SCL[7:0],LL_IMON_SCL[15:8],LL_IMON_SCL[7:0],"Byte 8-7: Reserved
Byte 6-5: Left Arm Current Scale (LA_IMON_SCL), 16-BIT
Byte 4-3: Right Leg Current Scale (RL_IMON_SCL), 16-BIT
Byte 2-1: Left Leg Current Scale (LL_IMON_SCL), 16-BIT",16-bit,signed,,
,0x52,ADC Scale Group 3,8,4,Read/Write,0x1FA - Byte 1 - Bit 2,RSVD,RSVD,CHG_IN_SCL[15:8],CHG_IN_SCL[7:0],TR_IMON_SCL[15:8],TR_IMON_SCL[7:0],RA_IMON_SCL[15:8],RA_IMON_SCL[7:0],"Byte 8-7: Reserved
Byte 6-5: Charger Input Voltage Scale (CHG_IN_SCL), 16-BIT
Byte 4-3: Pelvis/Waist Current Scale (TR_IMON_SCL), 16-BIT
Byte 2-1: Right Arm Current Scale (RA_IMON_SCL), 16-BIT",16-bit,signed,,
,0x53,ADC Scale Group 4,8,4,Read/Write,0x1FA - Byte 1 - Bit 2,RSVD,RSVD,BATT2_IN_SCL[15:8],BATT2_IN_SCL[7:0],BATT1_IN_SCL[15:8],BATT1_IN_SCL[7:0],HV_SCL[15:8],HV_SCL[7:0],"Byte 8-7: Reserved
Byte 6-5: Battery 2 Input Voltage Scale (BATT2_IN_SCL), 16-BIT
Byte 4-3: Battery 1 Input Voltage Scale (BATT1_IN_SCL), 16-BIT
Byte 2-1: High Voltage Bus Voltage Scale (HV_SCL), 16-BIT",16-bit,signed,,
,0x54,ADC Scale Group 5,8,4,Read/Write,0x1FA - Byte 1 - Bit 2,RSVD,RSVD,CHG_HV_SCL[15:8],CHG_HV_SCL[7:0],MOT_BUS_SCL[15:8],MOT_BUS_SCL[7:0],NK_IMON_SCL[15:8],NK_IMON_SCL[7:0],"Byte 8-7: Reserved
Byte 6-5: Charger High Voltage Scale (CHG_HV_SCL), 16-BIT
Byte 4-3: Motor Bus Voltage Scale (MOT_BUS_SCL), 16-BIT
Byte 2-1: Head Current Scale (NK_IMON_SCL), 16-BIT",16-bit,signed,,
,0x55,ADC Scale Group 6,8,4,Read/Write,0x1FA - Byte 1 - Bit 2,RSVD,RSVD,RSVD,RSVD,USER_HV_CURR_SCL[15:8],USER_HV_CURR_SCL[7:0],USER_HV_SCL[15:8],USER_HV_SCL[7:0],"Byte 8-7: Reserved
Byte 6-5: Reserved
Byte 4-3: User HV Current Scale (USER_HV_CURR_SCL), 16-BIT
Byte 2-1: User HV Bus Voltage Scale (USER_HV_SCL), 16-BIT",16-bit,signed,,
,0x56,ADC Scale Group 7,8,4,Read/Write,0x1FA - Byte 1 - Bit 2,RSVD,RSVD,RSVD,RSVD,PC_24V_IMON_SCL[15:8],PC_24V_IMON_SCL[7:0],PC_24V_SCL[15:8],PC_24V_SCL[7:0],"Byte 8-7: Reserved
Byte 6-5: Reserved
Byte 4-3: PC 24V Bus Current Scale (PC_24V_IMON_SCL), 16-BIT
Byte 2-1: PC 24V Bus Voltage Scale (PC_24V_SCL), 16-BIT",16-bit,signed,,
,0x57,ADC Scale Group 8,8,4,Read/Write,0x1FA - Byte 1 - Bit 2,RSVD,RSVD,RSVD,RSVD,USER_24V_IMON_SCL[15:8],USER_24V_IMON_SCL[7:0],USER_24V_SCL[15:8],USER_24V_SCL[7:0],"Byte 8-7: Reserved
Byte 6-5: Reserved
Byte 4-3: USER 24V Bus Current Scale (USER_24V_IMON_SCL), 16-BIT
Byte 2-1: USER 24V Bus Voltage Scale (USER_24V_SCL), 16-BIT",16-bit,signed,,
,0x58,ADC Scale Group 9,8,4,Read/Write,0x1FA - Byte 1 - Bit 2,RSVD,RSVD,RSVD,RSVD,PC_A_12V_IMON_SCL[15:8],PC_A_12V_IMON_SCL[7:0],PC_A_12V_SCL[15:8],PC_A_12V_SCL[7:0],"Byte 8-7: Reserved
Byte 6-5: Reserved
Byte 4-3: PC A 12V Bus Current Scale (PC_A_12V_IMON_SCL), 16-BIT
Byte 2-1: PC A 12V Bus Voltage Scale (PC_A_12V_SCL), 16-BIT",16-bit,signed,,
,0x59,ADC Scale Group 10,8,4,Read/Write,0x1FA - Byte 1 - Bit 2,RSVD,RSVD,RSVD,RSVD,PC_B_12V_IMON_SCL[15:8],PC_B_12V_IMON_SCL[7:0],PC_B_12V_SCL[15:8],PC_B_12V_SCL[7:0],"Byte 8-7: Reserved
Byte 6-5: Reserved
Byte 4-3: PC B 12V Bus Current Scale (PC_B_12V_IMON_SCL), 16-BIT
Byte 2-1: PC B 12V Bus Voltage Scale (PC_B_12V_SCL), 16-BIT",16-bit,signed,,
,0x5A,ADC Scale Group 11,8,4,Read/Write,0x1FA - Byte 1 - Bit 2,RSVD,RSVD,24V_IMON2_SCL[15:8],24V_IMON2_SCL[7:0],24V_IMON1_SCL[15:8],24V_IMON1_SCL[7:0],24V_IMON0_SCL[15:8],24V_IMON0_SCL[7:0],"Byte 8-7: Reserved
Byte 6-5: 24V Module 2 Current Scale (24V_IMON2_SCL), 16-BIT
Byte 4-3: 24V Module 1 Current Scale (24V_IMON1_SCL), 16-BIT
Byte 2-1: 24V Module 0 Current Scale (24V_IMON0_SCL), 16-BIT",16-bit,signed,,
,0x5B,ADC Scale Group 12,8,4,Read/Write,0x1FA - Byte 1 - Bit 2,RSVD,RSVD,12V_IMON2_SCL[15:8],12V_IMON2_SCL[7:0],12V_IMON1_SCL[15:8],12V_IMON1_SCL[7:0],12V_IMON0_SCL[15:8],12V_IMON0_SCL[7:0],"Byte 8-7: Reserved
Byte 6-5: 12V A Module 2 Current Scale (12V_IMON2_SCL), 16-BIT
Byte 4-3: 12V A Module 1 Current Scale (12V_IMON1_SCL), 16-BIT
Byte 2-1: 12V A Module 0 Current Scale (12V_IMON0_SCL), 16-BIT",16-bit,signed,,
,0x5C,ADC Scale Group 13,8,4,Read/Write,0x1FA - Byte 1 - Bit 2,RSVD,RSVD,RSVD,RSVD,12V_SCL[15:8],12V_SCL[7:0],24V_SCL[15:8],24V_SCL[7:0],"Byte 8-7: Reserved
Byte 6-5: Reserved
Byte 4-3: 12V Bus A Voltage Scale (12V_SCL), 16-BIT
Byte 2-1: 24V Bus Voltage Scale (24V_SCL), 16-BIT",16-bit,signed,,
,0x5D,ADC Scale Group 14,8,4,Read/Write,0x1FA - Byte 1 - Bit 2,RSVD,RSVD,RSVD,RSVD,5V_CURR_SCL[15:8],5V_CURR_SCL[7:0],5V_SCL[15:8],5V_SCL[7:0],"Byte 8-7: Reserved
Byte 6-5: Reserved
Byte 4-3: 5V Bus Current Scale (5V_CURR_SCL), 16-BIT
Byte 2-1: 5V Bus Voltage Scale (5V_SCL), 16-BIT",16-bit,signed,,
,0x5E,ADC Scale Group 15,8,4,Read/Write,0x1FA - Byte 1 - Bit 2,RSVD,RSVD,RSVD,RSVD,3.3V_CURR_SCL[15:8],3.3V_CURR_SCL[7:0],3.3V_SCL[15:8],3.3V_SCL[7:0],"Byte 8-7: Reserved
Byte 6-5: Reserved
Byte 4-3: 3.3V Bus Current Scale (3.3V_CURR_SCL), 16-BIT
Byte 2-1: 3.3V Bus Voltage Scale (3.3V_SCL), 16-BIT",16-bit,signed,,
,0x5F,ADC Scale Group 16,8,4,Read/Write,0x1FA - Byte 1 - Bit 2,RSVD,RSVD,RSVD,RSVD,AUX_24V_CURR_SCL[15:8],AUX_24V_CURR_SCL[7:0],AUX_24V_SCL[15:8],AUX_24V_SCL[7:0],"Byte 8-7: Reserved
Byte 6-5: Reserved
Byte 4-3: 24V AUX Bus Current Scale (AUX_24V_CURR_SCL), 16-BIT
Byte 2-1: 24V AUX Bus Voltage Scale (AUX_24V_SCL), 16-BIT",16-bit,signed,,
,0x60,ADC Scale Group 17,8,4,Read/Write,0x1FA - Byte 1 - Bit 2,RSVD,RSVD,RSVD,RSVD,AUX_12V_CURR_SCL[15:8],AUX_12V_CURR_SCL[7:0],AUX_12V_SCL[15:8],AUX_12V_SCL[7:0],"Byte 8-7: Reserved
Byte 6-5: Reserved
Byte 4-3: 12V AUX Bus Current Scale (AUX_12V_CURR_SCL), 16-BIT
Byte 2-1: 12V AUX Bus Voltage Scale (AUX_12V_SCL), 16-BIT",16-bit,signed,,
,0x61,ADC Scale Group 18,8,4,Read/Write,0x1FA - Byte 1 - Bit 2,RSVD,RSVD,RSVD,RSVD,ESTOP_REC_B_12V_SCL[15:8],ESTOP_REC_B_12V_SCL[7:0],ESTOP_REC_A_12V_SCL[15:8],ESTOP_REC_A_12V_SCL[7:0],"Byte 8-7: Reserved
Byte 6-5: Reserved
Byte 4-3: ESTOP B Receiver Voltage Scale (ESTOP_REC_B_12V_SCL), 16-BIT
Byte 2-1: ESTOP A Receiver Voltage Scale (ESTOP_REC_A_12V_SCL), 16-BIT",16-bit,signed,,
,0x62,ADC Scale Group 19,8,4,Read/Write,0x1FA - Byte 1 - Bit 2,RSVD,RSVD,RSVD,RSVD,12V_B_IMON4_SCL[15:8],12V_B_IMON4_SCL[7:0],12V_B_IMON3_SCL[15:8],12V_B_IMON3_SCL[7:0],"Byte 8-7: Reserved
Byte 6-5: Reserved
Byte 4-3: 12V B Module 4 Current Scale  (12V_B_IMON4_SCL), 16-BIT
Byte 2-1: 12V B Module 3 Current Scale  (12V_B_IMON3_SCL), 16-BIT",16-bit,signed,,
,0x63,ADC Scale Group 20,8,4,Read/Write,0x1FA - Byte 1 - Bit 2,RSVD,RSVD,RSVD,RSVD,MB_SP_IMON_SCL[15:8],MB_SP_IMON_SCL[7:0],HV_OR_SCL[15:8],HV_OR_SCL[7:0],"Byte 8-7: Reserved
Byte 6-5: Reserved
Byte 4-3: Spare Motor Bus Current Scale (MB_SP_IMON_SCL), 16-BIT
Byte 2-1: Battery HV_OR voltage Scale (HV_OR_SCL), 16-BIT",16-bit,signed,,
,0x64,ADC Scale Group 21,8,4,Read/Write,0x1FA - Byte 1 - Bit 2,RSVD,RSVD,TEMP2_SCL[15:8],TEMP2_SCL[7:0],TEMP1_SCL[15:8],TEMP1_SCL[7:0],TEMP0_SCL[15:8],TEMP0_SCL[7:0],"Byte 8-7: Reserved
Byte 6-5: Temperature Sensor 2 Scale (TEMP2_SCL), 16-BIT
Byte 4-3: Temperature Sensor 1 Scale (TEMP1_SCL), 16-BIT
Byte 2-1: Temperature Sensor 0 Scale (TEMP0_SCL), 16-BIT",16-bit,signed,,
,0x65,ADC Scale Group 22,8,4,Read/Write,0x1FA - Byte 1 - Bit 2,RSVD,RSVD,TEMP5_SCL[15:8],TEMP5_SCL[7:0],TEMP4_SCL[15:8],TEMP4_SCL[7:0],TEMP3_SCL[15:8],TEMP3_SCL[7:0],"Byte 8-7: Reserved
Byte 6-5: Temperature Sensor 5 Scale (TEMP5_SCL), 16-BIT
Byte 4-3: Temperature Sensor 4 Scale (TEMP4_SCL), 16-BIT
Byte 2-1: Temperature Sensor 3 Scale (TEMP3_SCL), 16-BIT",16-bit,signed,,
,0x66,ADC Scale Group 23,8,4,Read/Write,0x1FA - Byte 1 - Bit 2,RSVD,RSVD,RSVD,RSVD,EX_TEMP1_SCL[15:8],EX_TEMP1_SCL[7:0],EX_TEMP0_SCL[15:8],EX_TEMP0_SCL[7:0],"Byte 8-7: Reserved
Byte 6-5: Reserved
Byte 4-3: External Temperature Sensor 1 Scale (EX_TEMP1_SCL), 16-BIT
Byte 2-1: External Temperature Sensor 0 Scale (EX_TEMP0_SCL), 16-BIT",16-bit,signed,,
,0x67,ADC Scale Group 24,8,4,Read/Write,0x1FA - Byte 1 - Bit 2,RSVD,RSVD,RSVD,RSVD,LIDAR_B_12V_SCL[15:8],LIDAR_B_12V_SCL[7:0],LIDAR_A_12V_SCL[15:8],LIDAR_A_12V_SCL[7:0],"Byte 8-7: Reserved
Byte 6-5: Reserved
Byte 4-3: LIDAR B Bus Voltage Scale (LIDAR_B_12V_SCL), 16-BIT
Byte 2-1: LIDAR A Bus Voltage Scale (LIDAR_A_12V_SCL), 16-BIT",16-bit,signed,,
,0x68,ADC Scale Group 25,8,4,Read/Write,0x1FA - Byte 1 - Bit 2,RSVD,RSVD,RSVD,RSVD,CHG_HVIL_OUT_SCL[15:8],CHG_HVIL_OUT_SCL[7:0],STO_24V_SCL[15:8],STO_24V_SCL[7:0],"Byte 8-7: Reserved
Byte 6-5: Reserved
Byte 4-3: Charger Interlock Voltage Scale (CHG_HVIL_OUT_SCL), 16-BIT
Byte 2-1: STO Voltage Scale (STO_24V_SCL), 16-BIT",16-bit,signed,,
,0x69,ADC Scale Group 26,8,4,Read/Write,0x1FA - Byte 1 - Bit 2,RSVD,RSVD,RSVD,RSVD,ETH_1.2V_SCL[15:8],ETH_1.2V_SCL[7:0],ETH_2.5V_SCL[15:8],ETH_2.5V_SCL[7:0],"Byte 8-7: Reserved
Byte 6-5: Reserved
Byte 4-3: Ethernet 1.2V Voltage Scale (ETH_1.2V_SCL), 16-BIT
Byte 2-1: Ethernet 2.5V Voltage Scale  (ETH_2.5V_SCL), 16-BIT",16-bit,signed,,
,0x6A,ADC Scale Group 27,8,4,Read/Write,0x1FA - Byte 1 - Bit 2,RSVD,RSVD,RSVD,RSVD,ECAT_1.2V_SCL[15:8],ECAT_1.2V_SCL[7:0],ECAT_3.3V_SCL[15:8],ECAT_3.3V_SCL[7:0],"Byte 8-7: Reserved
Byte 6-5: Reserved
Byte 4-3: EtherCAT 1.2V Voltage Scale (ECAT_1.2V_SCL), 16-BIT
Byte 2-1: EtherCAT 3.3V Voltage Scale (ECAT_3.3V_SCL), 16-BIT",16-bit,signed,,
,,,,,,,,,,,,,,,,,,,
Calibrated Values,0x70,EU Group 1,8,4,Read Only,N/A,RSVD,RSVD,BATT2_CURR_EU[15:8],BATT2_CURR_EU[7:0],BATT1_CURR_EU[15:8],BATT1_CURR_EU[7:0],CHG_CURR_EU[15:8],CHG_CURR_EU[7:0],"Byte 8-7: Reserved
Byte 6-5: Battery 2 Current in Engineering Units (BATT2_CURR_EU), 16-BIT
Byte 4-3: Battery 1 Current in Engineering Units (BATT1_CURR_EU), 16-BIT
Byte 2-1: Charger Current in Engineering Units (CHG_CURR_EU), 16-BIT",16-bit,signed,"Scale needs to be set such that 
for current measurents, each count is 10mA,
for voltage measurements, each count is 10mV,
for temperature measurements, each count is 100mC.",
,0x71,"  
         
EU Group 2",8,4,Read Only,N/A,RSVD,RSVD,LA_IMON_EU[15:8],LA_IMON_EU[7:0],RL_IMON_EU[15:8],RL_IMON_EU[7:0],LL_IMON_EU[15:8],LL_IMON_EU[7:0],"Byte 8-7: Reserved
Byte 6-5: Left Arm Current in Engineering Units (LA_IMON_EU), 16-BIT
Byte 4-3: Right Leg Current in Engineering Units (RL_IMON_EU), 16-BIT
Byte 2-1: Left Leg Current in Engineering Units (LL_IMON_EU), 16-BIT",16-bit,signed,,
,0x72,EU Group 2,8,4,Read Only,N/A,RSVD,RSVD,CHG_IN_EU[15:8],CHG_IN_EU[7:0],TR_IMON_EU[15:8],TR_IMON_EU[7:0],RA_IMON_EU[15:8],RA_IMON_EU[7:0],"Byte 8-7: Reserved
Byte 6-5: Charger Input Voltage in Engineering Units (CHG_IN_EU), 16-BIT
Byte 4-3: Pelvis/Waist Current in Engineering Units (TR_IMON_EU), 16-BIT
Byte 2-1: Right Arm Current in Engineering Units (RA_IMON_EU), 16-BIT",16-bit,signed,,
,0x73,"  
         
EU Group 2",8,4,Read Only,N/A,RSVD,RSVD,BATT2_IN_EU[15:8],BATT2_IN_EU[7:0],BATT1_IN_EU[15:8],BATT1_IN_EU[7:0],HV_EU[15:8],HV_EU[7:0],"Byte 8-7: Reserved
Byte 6-5: Battery 2 Input Voltage in Engineering Units (BATT2_IN_EU), 16-BIT
Byte 4-3: Battery 1 Input Voltage in Engineering Units (BATT1_IN_EU), 16-BIT
Byte 2-1: High Voltage Bus Voltage in Engineering Units (HV_EU), 16-BIT",16-bit,signed,,
,0x74,EU Group 3,8,4,Read Only,N/A,RSVD,RSVD,CHG_HV_EU[15:8],CHG_HV_EU[7:0],MOT_BUS_EU[15:8],MOT_BUS_EU[7:0],NK_IMON_EU[15:8],NK_IMON_EU[7:0],"Byte 8-7: Reserved
Byte 6-5: Charger High Voltage in Engineering Units (CHG_HV_EU), 16-BIT
Byte 4-3: Motor Bus Voltage in Engineering Units (MOT_BUS_EU), 16-BIT
Byte 2-1: Head Current in Engineering Units (NK_IMON_EU), 16-BIT",16-bit,signed,,
,0x75,"  
         
EU Group 2",8,4,Read Only,N/A,RSVD,RSVD,RSVD,RSVD,USER_HV_CURR_EU[15:8],USER_HV_CURR_EU[7:0],USER_HV_EU[15:8],USER_HV_EU[7:0],"Byte 8-7: Reserved
Byte 6-5: Reserved
Byte 4-3: User HV Current in Engineering Units (USER_HV_CURR_EU), 16-BIT
Byte 2-1: User HV Bus Voltage in Engineering Units (USER_HV_EU), 16-BIT",16-bit,signed,,
,0x76,EU Group 4,8,4,Read Only,N/A,RSVD,RSVD,RSVD,RSVD,PC_24V_IMON_EU[15:8],PC_24V_IMON_EU[7:0],PC_24V_EU[15:8],PC_24V_EU[7:0],"Byte 8-7: Reserved
Byte 6-5: Reserved
Byte 4-3: PC 24V Bus Current in Engineering Units (PC_24V_IMON_EU), 16-BIT
Byte 2-1: PC 24V Bus Voltage in Engineering Units (PC_24V_EU), 16-BIT",16-bit,signed,,
,0x77,"  
         
EU Group 2",8,4,Read Only,N/A,RSVD,RSVD,RSVD,RSVD,USER_24V_IMON_EU[15:8],USER_24V_IMON_EU[7:0],USER_24V_EU[15:8],USER_24V_EU[7:0],"Byte 8-7: Reserved
Byte 6-5: Reserved
Byte 4-3: USER 24V Bus Current in Engineering Units (USER_24V_IMON_EU), 16-BIT
Byte 2-1: USER 24V Bus Voltage in Engineering Units (USER_24V_EU), 16-BIT",16-bit,signed,,
,0x78,EU Group 5,8,4,Read Only,N/A,RSVD,RSVD,RSVD,RSVD,PC_A_12V_IMON_EU[15:8],PC_A_12V_IMON_EU[7:0],PC_A_12V_EU[15:8],PC_A_12V_EU[7:0],"Byte 8-7: Reserved
Byte 6-5: Reserved
Byte 4-3: PC A 12V Bus Current in Engineering Units (PC_A_12V_IMON_EU), 16-BIT
Byte 2-1: PC A 12V Bus Voltage in Engineering Units (PC_A_12V_EU), 16-BIT",16-bit,signed,,
,0x79,"  
         
EU Group 2",8,4,Read Only,N/A,RSVD,RSVD,RSVD,RSVD,PC_B_12V_IMON_EU[15:8],PC_B_12V_IMON_EU[7:0],PC_B_12V_EU[15:8],PC_B_12V_EU[7:0],"Byte 8-7: Reserved
Byte 6-5: Reserved
Byte 4-3: PC B 12V Bus Current in Engineering Units (PC_B_12V_IMON_EU), 16-BIT
Byte 2-1: PC B 12V Bus Voltage in Engineering Units (PC_B_12V_EU), 16-BIT",16-bit,signed,,
,0x7A,EU Group 6,8,4,Read Only,N/A,RSVD,RSVD,24V_IMON2_EU[15:8],24V_IMON2_EU[7:0],24V_IMON1_EU[15:8],24V_IMON1_EU[7:0],24V_IMON0_EU[15:8],24V_IMON0_EU[7:0],"Byte 8-7: Reserved
Byte 6-5: 24V Module 2 Current in Engineering Units (24V_IMON2_EU), 16-BIT
Byte 4-3: 24V Module 1 Current in Engineering Units (24V_IMON1_EU), 16-BIT
Byte 2-1: 24V Module 0 Current in Engineering Units (24V_IMON0_EU), 16-BIT",16-bit,signed,,
,0x7B,"  
         
EU Group 2",8,4,Read Only,N/A,RSVD,RSVD,12V_IMON2_EU[15:8],12V_IMON2_EU[7:0],12V_IMON1_EU[15:8],12V_IMON1_EU[7:0],12V_IMON0_EU[15:8],12V_IMON0_EU[7:0],"Byte 8-7: Reserved
Byte 6-5: 12V A Module 2 Current in Engineering Units (12V_IMON2_EU), 16-BIT
Byte 4-3: 12V A Module 1 Current in Engineering Units (12V_IMON1_EU), 16-BIT
Byte 2-1: 12V A Module 0 Current in Engineering Units (12V_IMON0_EU), 16-BIT",16-bit,signed,,
,0x7C,EU Group 7,8,4,Read Only,N/A,RSVD,RSVD,RSVD,RSVD,12V_EU[15:8],12V_EU[7:0],24V_EU[15:8],24V_EU[7:0],"Byte 8-7: Reserved
Byte 6-5: Reserved
Byte 4-3: 12V Bus A Voltage in Engineering Units (12V_EU), 16-BIT
Byte 2-1: 24V Bus Voltage in Engineering Units (24V_EU), 16-BIT",16-bit,signed,,
,0x7D,"  
         
EU Group 2",8,4,Read Only,N/A,RSVD,RSVD,RSVD,RSVD,5V_CURR_EU[15:8],5V_CURR_EU[7:0],5V_EU[15:8],5V_EU[7:0],"Byte 8-7: Reserved
Byte 6-5: Reserved
Byte 4-3: 5V Bus Current in Engineering Units (5V_CURR_EU), 16-BIT
Byte 2-1: 5V Bus Voltage in Engineering Units (5V_EU), 16-BIT",16-bit,signed,,
,0x7E,EU Group 8,8,4,Read Only,N/A,RSVD,RSVD,RSVD,RSVD,3.3V_CURR_EU[15:8],3.3V_CURR_EU[7:0],3.3V_EU[15:8],3.3V_EU[7:0],"Byte 8-7: Reserved
Byte 6-5: Reserved
Byte 4-3: 3.3V Bus Current in Engineering Units (3.3V_CURR_EU), 16-BIT
Byte 2-1: 3.3V Bus Voltage in Engineering Units (3.3V_EU), 16-BIT",16-bit,signed,,
,0x7F,"  
         
EU Group 2",8,4,Read Only,N/A,RSVD,RSVD,RSVD,RSVD,AUX_24V_CURR_EU[15:8],AUX_24V_CURR_EU[7:0],AUX_24V_EU[15:8],AUX_24V_EU[7:0],"Byte 8-7: Reserved
Byte 6-5: Reserved
Byte 4-3: 24V AUX Bus Current in Engineering Units (AUX_24V_CURR_EU), 16-BIT
Byte 2-1: 24V AUX Bus Voltage in Engineering Units (AUX_24V_EU), 16-BIT",16-bit,signed,,
,0x80,EU Group 9,8,4,Read Only,N/A,RSVD,RSVD,RSVD,RSVD,AUX_12V_CURR_EU[15:8],AUX_12V_CURR_EU[7:0],AUX_12V_EU[15:8],AUX_12V_EU[7:0],"Byte 8-7: Reserved
Byte 6-5: Reserved
Byte 4-3: 12V AUX Bus Current in Engineering Units (AUX_12V_CURR_EU), 16-BIT
Byte 2-1: 12V AUX Bus Voltage in Engineering Units (AUX_12V_EU), 16-BIT",16-bit,signed,,
,0x81,"  
         
EU Group 2",8,4,Read Only,N/A,RSVD,RSVD,RSVD,RSVD,ESTOP_REC_B_12V_EU[15:8],ESTOP_REC_B_12V_EU[7:0],ESTOP_REC_A_12V_EU[15:8],ESTOP_REC_A_12V_EU[7:0],"Byte 8-7: Reserved
Byte 6-5: Reserved
Byte 4-3: ESTOP B Receiver Voltage in Engineering Units (ESTOP_REC_B_12V_EU), 16-BIT
Byte 2-1: ESTOP A Receiver Voltage in Engineering Units (ESTOP_REC_A_12V_EU), 16-BIT",16-bit,signed,,
,0x82,EU Group 10,8,4,Read Only,N/A,RSVD,RSVD,RSVD,RSVD,12V_B_IMON4_EU[15:8],12V_B_IMON4_EU[7:0],12V_B_IMON3_EU[15:8],12V_B_IMON3_EU[7:0],"Byte 8-7: Reserved
Byte 6-5: Reserved
Byte 4-3: 12V B Module 4 Current in Engineering Units (12V_B_IMON4_EU), 16-BIT
Byte 2-1: 12V B Module 3 Current in Engineering Units (12V_B_IMON3_EU), 16-BIT",16-bit,signed,,
,0x83,"  
         
EU Group 2",8,4,Read Only,N/A,RSVD,RSVD,RSVD,RSVD,MB_SP_IMON_EU[15:8],MB_SP_IMON_EU[7:0],HV_OR_EU[15:8],HV_OR_EU[7:0],"Byte 8-7: Reserved
Byte 6-5: Reserved
Byte 4-3: Spare Motor Bus Current in Engineering Units (MB_SP_IMON_EU), 16-BIT
Byte 2-1: Battery HV_OR voltage in Engineering Units (HV_OR_EU), 16-BIT",16-bit,signed,,
,0x84,EU Group 11,8,4,Read Only,N/A,RSVD,RSVD,TEMP2_EU[15:8],TEMP2_EU[7:0],TEMP1_EU[15:8],TEMP1_EU[7:0],TEMP0_EU[15:8],TEMP0_EU[7:0],"Byte 8-7: Reserved
Byte 6-5: Temperature Sensor 2 in Engineering Units (TEMP2_EU), 16-BIT
Byte 4-3: Temperature Sensor 1 in Engineering Units (TEMP1_EU), 16-BIT
Byte 2-1: Temperature Sensor 0 in Engineering Units (TEMP0_EU), 16-BIT",16-bit,signed,,
,0x85,"  
         
EU Group 2",8,4,Read Only,N/A,RSVD,RSVD,TEMP5_EU[15:8],TEMP5_EU[7:0],TEMP4_EU[15:8],TEMP4_EU[7:0],TEMP3_EU[15:8],TEMP3_EU[7:0],"Byte 8-7: Reserved
Byte 6-5: Temperature Sensor 5 in Engineering Units (TEMP5_EU), 16-BIT
Byte 4-3: Temperature Sensor 4 in Engineering Units (TEMP4_EU), 16-BIT
Byte 2-1: Temperature Sensor 3 in Engineering Units (TEMP3_EU), 16-BIT",16-bit,signed,,
,0x86,EU Group 12,8,4,Read Only,N/A,RSVD,RSVD,RSVD,RSVD,EX_TEMP1_EU[15:8],EX_TEMP1_EU[7:0],EX_TEMP0_EU[15:8],EX_TEMP0_EU[7:0],"Byte 8-7: Reserved
Byte 6-5: Reserved
Byte 4-3: External Temperature Sensor 1 in Engineering Units (EX_TEMP1_EU), 16-BIT
Byte 2-1: External Temperature Sensor 0 in Engineering Units (EX_TEMP0_EU), 16-BIT",16-bit,signed,,
,0x87,"  
         
EU Group 2",8,4,Read Only,N/A,RSVD,RSVD,RSVD,RSVD,LIDAR_B_12V_EU[15:8],LIDAR_B_12V_EU[7:0],LIDAR_A_12V_EU[15:8],LIDAR_A_12V_EU[7:0],"Byte 8-7: Reserved
Byte 6-5: Reserved
Byte 4-3: LIDAR B Bus Voltage in Engineering Units (LIDAR_B_12V_EU), 16-BIT
Byte 2-1: LIDAR A Bus Voltage in Engineering Units (LIDAR_A_12V_EU), 16-BIT",16-bit,signed,,
,0x88,EU Group 13,8,4,Read Only,N/A,RSVD,RSVD,RSVD,RSVD,CHG_HVIL_OUT_EU[15:8],CHG_HVIL_OUT_EU[7:0],STO_24V_EU[15:8],STO_24V_EU[7:0],"Byte 8-7: Reserved
Byte 6-5: Reserved
Byte 4-3: Charger Interlock Voltage in Engineering Units (CHG_HVIL_OUT_EU), 16-BIT
Byte 2-1: STO Voltage in Engineering Units (STO_24V_EU), 16-BIT",16-bit,signed,,
,0x89,"  
         
EU Group 2",8,4,Read Only,N/A,RSVD,RSVD,RSVD,RSVD,ETH_1.2V_EU[15:8],ETH_1.2V_EU[7:0],ETH_2.5V_EU[15:8],ETH_2.5V_EU[7:0],"Byte 8-7: Reserved
Byte 6-5: Reserved
Byte 4-3: Ethernet 1.2V Voltage in Engineering Units (ETH_1.2V_EU), 16-BIT
Byte 2-1: Ethernet 2.5V Voltage in Engineering Units (ETH_2.5V_EU), 16-BIT",16-bit,signed,,
,0x8A,EU Group 14,8,4,Read Only,N/A,RSVD,RSVD,RSVD,RSVD,ECAT_1.2V_EU[15:8],ECAT_1.2V_EU[7:0],ECAT_3.3V_EU[15:8],ECAT_3.3V_EU[7:0],"Byte 8-7: Reserved
Byte 6-5: Reserved
Byte 4-3: EtherCAT 1.2V Voltage in Engineering Units (ECAT_1.2V_EU), 16-BIT
Byte 2-1: EtherCAT 3.3V Voltage in Engineering Units (ECAT_3.3V_EU), 16-BIT",16-bit,signed,,
,,,,,,,,,,,,,,,,,,,
Derived Values,0x90,Derived EU Group 1,8,4,Read Only,N/A,RSVD,RSVD,12V_B_TOTAL_CURR_EU[15:8],12V_B_TOTAL_CURR_EU[7:0],12V_B_TOTAL_CURR_EU[15:8],12V_B_TOTAL_CURR_EU[7:0],12V_A_TOTAL_CURR_EU[15:8],12V_A_TOTAL_CURR_EU[7:0],"Byte 8-7: Reserved
Byte 6-5: 24V Total Output Current (12V_B_TOTAL_CURR_EU), 16-BIT
Byte 4-3: 12V B Total Output Current (12V_B_TOTAL_CURR_EU), 16-BIT
Byte 2-1: 12V A Total Output Current (12V_A_TOTAL_CURR_EU), 16-BIT",16-bit,signed,,
,0x91,Derived EU Group 2,8,4,Read Only,N/A,RSVD,RSVD,RSVD,RSVD,RSVD,RSVD,BATT_TOTAL_CURR_EU[15:8],BATT_TOTAL_CURR_EU[7:0],"Byte 8-7: Reserved
Byte 6-5: Reserved
Byte 4-3: Reserved
Byte 2-1: Battery Total Output Current (BATT_TOTAL_CURR_EU), 16-BIT",16-bit,signed,,
,,,,,,,,,,,,,,,,,,,
Error Code,0xA0,Error Register,8,4,Read Only,N/A,RSVD,RSVD,RSVD,RSVD,ERROR_CODE[31:24],ERROR_CODE[23:16],ERROR_CODE[15:8],ERROR_CODE[7:0],"Byte 8-7: Reserved
Byte 6-5: Reserved
Byte 4-1: Error Code, 32-BIT",32-bit,unsigned,32-bit error code [TBD],
,,,,,,,,,,,,,,,,,,,
Faults,0xA8,Fault Register 1,8,4,Read/Write,Not protected,RSVD,RSVD,RSVD,RSVD,RSVD,RSVD,RSVD,"{4b0000,  PC_24V_IGNITE, PC_A_12V_IGNITE, PC_B_12V_IGNITE, Parity Bit}","Byte 8-4: Reserved
Byte 3: Reserved
Byte 2: Reserved
Byte 1: {4b0000, PC_24V_IGNITE, PC_A_12V_IGNITE, PC_B_12V_IGNITE, Parity Bit}",,Bit Mapped,"When a switch failed to switch on, the fault will be asserted and latched here. 
To clear fault, write 1 to the corresponding bit, a rising-edge from 0 to 1 clearns the fault.",
,0xA9,Fault Register 2,8,4,Read/Write,Not protected,RSVD,RSVD,RSVD,RSVD,RSVD,"{AUX_12V_EN, MCU_ALARM_EN, ECAT_ENn, ETH_ENn, ESC_RST, ESTOP_REC_A_12V_EN, ESTOP_REC_B_12V_EN, Parity Bit}","{STO_24V_EN, PC_A_12V_EN, PC_B_12V_EN, LIDAR_A_12V_EN, LIDAR_B_12V_EN, MCU_STO_EN, USER_HV_ON, Parity Bit}","{24V_EN, 12V_EN, 12V_B_EN, 5V_EN, PC_24V_ON, AUX_24V_ON, USER_24V_ON, Parity Bit}","Byte 8-4: Reserved
Byte 3: {AUX_12V_EN, MCU_ALARM_EN, ECAT_ENn, ETH_ENn, ESC_RST, ESTOP_REC_A_12V_EN, ESTOP_REC_B_12V_EN, Parity Bit}
Byte 2: {STO_24V_EN, PC_A_12V_EN, PC_B_12V_EN, LIDAR_A_12V_EN, LIDAR_B_12V_EN, MCU_STO_EN, USER_HV_ON, Parity Bit}
Byte 1: {24V_EN, 12V_EN, 12V_B_EN, 5V_EN, PC_24V_ON, AUX_24V_ON, USER_24V_ON, Parity Bit}",,Bit Mapped,,
,0xAA,Fault Register 3,8,4,Read/Write,Not protected,RSVD,RSVD,RSVD,RSVD,"{2b00, CHG_REM_ON, CHG_REM_PG, MOT_BUS_RELAY_CTRL, BATT2_RELAY_CTRL, BATT1_RELAY_CTRL, Parity Bit}","{4b0000, BATT1_EN, BATT1_INP1, BATT1_INP2, Parity Bit}","{4b0000, BATT2_EN, BATT2_INP1, BATT2_INP2, Parity Bit}","{4b0000, MOT_BUS_EN, MOT_BUS_INP1, MOT_BUS_INP2, Parity Bit}","Byte 8-3: Reserved
Byte 4: {2b00, CHG_REM_ON, CHG_REM_PG, MOT_BUS_RELAY_CTRL, BATT2_RELAY_CTRL, BATT1_RELAY_CTRL, Parity Bit}
Byte 3: {4b0000, BATT1_EN, BATT1_INP1, BATT1_INP2, Parity Bit}
Byte 2: {4b0000, BATT2_EN, BATT2_INP1, BATT2_INP2, Parity Bit}
Byte 1: {4b0000, MOT_BUS_EN, MOT_BUS_INP1, MOT_BUS_INP2, Parity Bit}",,Bit Mapped,,
,0xAB,Reserved for Internal Faults,8,4,Read/Write,Not protected,,,,,,,,,,,,,
,,,,,,,,,,,,,,,,,,,
,0xAD,Reserved for Fuse Faults,8,4,Read Only,N/A,,,,,,,,,,,,,
,0xAE,Reserved for Fuse Faults,8,4,Read Only,N/A,,,,,,,,,,,,,
,0xAF,Reserved for Fuse Faults,8,4,Read Only,N/A,,,,,,,,,,,,,
Soft Limits,0xB0,Upper/Positive Limits Group 1,8,4,Read/Write,0x1FA - Byte 1 - Bit 0,RSVD,RSVD,BATT2_CURR_PLIM[15:8],BATT2_CURR_PLIM[7:0],BATT1_CURR_PLIM[15:8],BATT1_CURR_PLIM[7:0],CHG_CURR_LIM[15:8],CHG_CURR_LIM[7:0],"Byte 8-7: Reserved
Byte 6-5: Battery 2 Current Positive Limit in Engineering Units (BATT2_CURR_PLIM), 16-BIT
Byte 4-3: Battery 1 Current Positive Limit in Engineering Units (BATT1_CURR_PLIM), 16-BIT
Byte 2-1: Charger Current Limit in Engineering Units (CHG_CURR_LIM), 16-BIT",16-bit,signed,,
,0xB1,Upper/Positive Limits Group 2,8,4,Read/Write,0x1FA - Byte 1 - Bit 0,RSVD,RSVD,LA_IMON_LIM[15:8],LA_IMON_LIM[7:0],RL_IMON_LIM[15:8],RL_IMON_LIM[7:0],LL_IMON_LIM[15:8],LL_IMON_LIM[7:0],"Byte 8-7: Reserved
Byte 6-5: Left Arm Current Limit in Engineering Units (LA_IMON_LIM), 16-BIT
Byte 4-3: Right Leg Current Limit in Engineering Units (RL_IMON_LIM), 16-BIT
Byte 2-1: Left Leg Current Limit in Engineering Units (LL_IMON_LIM), 16-BIT",16-bit,signed,,
,0xB2,Upper/Positive Limits Group 3,8,4,Read/Write,0x1FA - Byte 1 - Bit 0,RSVD,RSVD,CHG_IN_LIM[15:8],CHG_IN_LIM[7:0],TR_IMON_LIM[15:8],TR_IMON_LIM[7:0],RA_IMON_LIM[15:8],RA_IMON_LIM[7:0],"Byte 8-7: Reserved
Byte 6-5: Charger Input Voltage Limit in Engineering Units (CHG_IN_LIM), 16-BIT
Byte 4-3: Pelvis/Waist Current Limit in Engineering Units (TR_IMON_LIM), 16-BIT
Byte 2-1: Right Arm Current in Engineering Units (RA_IMON_LIM), 16-BIT",16-bit,signed,,
,0xB3,Upper/Positive Limits Group 4,8,4,Read/Write,0x1FA - Byte 1 - Bit 0,RSVD,RSVD,BATT2_IN_LIM[15:8],BATT2_IN_LIM[7:0],BATT1_IN_LIM[15:8],BATT1_IN_LIM[7:0],HV_LIM[15:8],HV_LIM[7:0],"Byte 8-7: Reserved
Byte 6-5: Battery 2 Input Voltage Limit in Engineering Units (BATT2_IN_LIM), 16-BIT
Byte 4-3: Battery 1 Input Voltage Limit in Engineering Units (BATT1_IN_LIM), 16-BIT
Byte 2-1: High Voltage Bus Voltage Limit in Engineering Units (HV_LIM), 16-BIT",16-bit,signed,,
,0xB4,Upper/Positive Limits Group 5,8,4,Read/Write,0x1FA - Byte 1 - Bit 0,RSVD,RSVD,CHG_HV_LIM[15:8],CHG_HV_LIM[7:0],MOT_BUS_LIM[15:8],MOT_BUS_LIM[7:0],NK_IMON_LIM[15:8],NK_IMON_LIM[7:0],"Byte 8-7: Reserved
Byte 6-5: Charger High Voltage Limit in Engineering Units (CHG_HV_LIM), 16-BIT
Byte 4-3: Motor Bus Voltage Limit in Engineering Units (MOT_BUS_LIM), 16-BIT
Byte 2-1: Head Current Limit in Engineering Units (NK_IMON_LIM), 16-BIT",16-bit,signed,,
,0xB5,Upper/Positive Limits Group 6,8,4,Read/Write,0x1FA - Byte 1 - Bit 0,RSVD,RSVD,RSVD,RSVD,USER_HV_CURR_LIM[15:8],USER_HV_CURR_LIM[7:0],USER_HV_LIM[15:8],USER_HV_LIM[7:0],"Byte 8-7: Reserved
Byte 6-5: Reserved
Byte 4-3: User HV Current Limit in Engineering Units (USER_HV_CURR_LIM), 16-BIT
Byte 2-1: User HV Bus Voltage Limit in Engineering Units (USER_HV_LIM), 16-BIT",16-bit,signed,,
,0xB6,Upper/Positive Limits Group 7,8,4,Read/Write,0x1FA - Byte 1 - Bit 0,RSVD,RSVD,RSVD,RSVD,PC_24V_IMON_LIM[15:8],PC_24V_IMON_LIM[7:0],PC_24V_LIM[15:8],PC_24V_LIM[7:0],"Byte 8-7: Reserved
Byte 6-5: Reserved
Byte 4-3: PC 24V Bus Current Limit in Engineering Units (PC_24V_IMON_LIM), 16-BIT
Byte 2-1: PC 24V Bus Voltage Limit in Engineering Units (PC_24V_LIM), 16-BIT",16-bit,signed,,
,0xB7,Upper/Positive Limits Group 8,8,4,Read/Write,0x1FA - Byte 1 - Bit 0,RSVD,RSVD,RSVD,RSVD,USER_24V_IMON_LIM[15:8],USER_24V_IMON_LIM[7:0],USER_24V_LIM[15:8],USER_24V_LIM[7:0],"Byte 8-7: Reserved
Byte 6-5: Reserved
Byte 4-3: USER 24V Bus Current Limit in Engineering Units (USER_24V_IMON_LIM), 16-BIT
Byte 2-1: USER 24V Bus Voltage Limit in Engineering Units (USER_24V_LIM), 16-BIT",16-bit,signed,,
,0xB8,Upper/Positive Limits Group 9,8,4,Read/Write,0x1FA - Byte 1 - Bit 0,RSVD,RSVD,RSVD,RSVD,PC_A_12V_IMON_LIM[15:8],PC_A_12V_IMON_LIM[7:0],PC_A_12V_LIM[15:8],PC_A_12V_LIM[7:0],"Byte 8-7: Reserved
Byte 6-5: Reserved
Byte 4-3: PC A 12V Bus Current Limit in Engineering Units (PC_A_12V_IMON_LIM), 16-BIT
Byte 2-1: PC A 12V Bus Voltage Limit in Engineering Units (PC_A_12V_LIM), 16-BIT",16-bit,signed,,
,0xB9,Upper/Positive Limits Group 10,8,4,Read/Write,0x1FA - Byte 1 - Bit 0,RSVD,RSVD,RSVD,RSVD,PC_B_12V_IMON_LIM[15:8],PC_B_12V_IMON_LIM[7:0],PC_B_12V_LIM[15:8],PC_B_12V_LIM[7:0],"Byte 8-7: Reserved
Byte 6-5: Reserved
Byte 4-3: PC B 12V Bus Current Limit in Engineering Units (PC_B_12V_IMON_LIM), 16-BIT
Byte 2-1: PC B 12V Bus Voltage Limit in Engineering Units (PC_B_12V_LIM), 16-BIT",16-bit,signed,,
,0xBA,Upper/Positive Limits Group 11,8,4,Read/Write,0x1FA - Byte 1 - Bit 0,RSVD,RSVD,24V_IMON2_LIM[15:8],24V_IMON2_LIM[7:0],24V_IMON1_LIM[15:8],24V_IMON1_LIM[7:0],24V_IMON0_LIM[15:8],24V_IMON0_LIM[7:0],"Byte 8-7: Reserved
Byte 6-5: 24V Module 2 Current Limit in Engineering Units (24V_IMON2_LIM), 16-BIT
Byte 4-3: 24V Module 1 Current Limit in Engineering Units (24V_IMON1_LIM), 16-BIT
Byte 2-1: 24V Module 0 Current Limit in Engineering Units (24V_IMON0_LIM), 16-BIT",16-bit,signed,,
,0xBB,Upper/Positive Limits Group 12,8,4,Read/Write,0x1FA - Byte 1 - Bit 0,RSVD,RSVD,12V_IMON2_LIM[15:8],12V_IMON2_LIM[7:0],12V_IMON1_LIM[15:8],12V_IMON1_LIM[7:0],12V_IMON0_LIM[15:8],12V_IMON0_LIM[7:0],"Byte 8-7: Reserved
Byte 6-5: 12V A Module 2 Current Limit  in Engineering Units (12V_IMON2_LIM), 16-BIT
Byte 4-3: 12V A Module 1 Current Limit in Engineering Units (12V_IMON1_LIM), 16-BIT
Byte 2-1: 12V A Module 0 Current Limit in Engineering Units (12V_IMON0_LIM), 16-BIT",16-bit,signed,,
,0xBC,Upper/Positive Limits Group 13,8,4,Read/Write,0x1FA - Byte 1 - Bit 0,RSVD,RSVD,RSVD,RSVD,12V_LIM[15:8],12V_LIM[7:0],24V_LIM[15:8],24V_LIM[7:0],"Byte 8-7: Reserved
Byte 6-5: Reserved
Byte 4-3: 12V Bus A Voltage Limit in Engineering Units (12V_LIM), 16-BIT
Byte 2-1: 24V Bus Voltage Limit in Engineering Units (24V_LIM), 16-BIT",16-bit,signed,,
,0xBD,Upper/Positive Limits Group 14,8,4,Read/Write,0x1FA - Byte 1 - Bit 0,RSVD,RSVD,RSVD,RSVD,5V_CURR_LIM[15:8],5V_CURR_LIM[7:0],5V_LIM[15:8],5V_LIM[7:0],"Byte 8-7: Reserved
Byte 6-5: Reserved
Byte 4-3: 5V Bus Current Limit in Engineering Units (5V_CURR_LIM), 16-BIT
Byte 2-1: 5V Bus Voltage Limit in Engineering Units (5V_LIM), 16-BIT",16-bit,signed,,
,0xBE,Upper/Positive Limits Group 15,8,4,Read/Write,0x1FA - Byte 1 - Bit 0,RSVD,RSVD,RSVD,RSVD,3.3V_CURR_LIM[15:8],3.3V_CURR_LIM[7:0],3.3V_LIM[15:8],3.3V_LIM[7:0],"Byte 8-7: Reserved
Byte 6-5: Reserved
Byte 4-3: 3.3V Bus Current Limit in Engineering Units (3.3V_CURR_LIM), 16-BIT
Byte 2-1: 3.3V Bus Voltage Limit in Engineering Units (3.3V_LIM), 16-BIT",16-bit,signed,,
,0xBF,Upper/Positive Limits Group 16,8,4,Read/Write,0x1FA - Byte 1 - Bit 0,RSVD,RSVD,RSVD,RSVD,AUX_24V_CURR_LIM[15:8],AUX_24V_CURR_LIM[7:0],AUX_24V_LIM[15:8],AUX_24V_LIM[7:0],"Byte 8-7: Reserved
Byte 6-5: Reserved
Byte 4-3: 24V AUX Bus Current Limit in Engineering Units (AUX_24V_CURR_LIM), 16-BIT
Byte 2-1: 24V AUX Bus Voltage Limit in Engineering Units (AUX_24V_LIM), 16-BIT",16-bit,signed,,
,0xC0,Upper/Positive Limits Group 17,8,4,Read/Write,0x1FA - Byte 1 - Bit 0,RSVD,RSVD,RSVD,RSVD,AUX_12V_CURR_LIM[15:8],AUX_12V_CURR_LIM[7:0],AUX_12V_LIM[15:8],AUX_12V_LIM[7:0],"Byte 8-7: Reserved
Byte 6-5: Reserved
Byte 4-3: 12V AUX Bus Current Limit in Engineering Units (AUX_12V_CURR_LIM), 16-BIT
Byte 2-1: 12V AUX Bus Voltage Limit in Engineering Units (AUX_12V_LIM), 16-BIT",16-bit,signed,,
,0xC1,Upper/Positive Limits Group 18,8,4,Read/Write,0x1FA - Byte 1 - Bit 0,RSVD,RSVD,RSVD,RSVD,ESTOP_REC_B_12V_LIM[15:8],ESTOP_REC_B_12V_LIM[7:0],ESTOP_REC_A_12V_LIM[15:8],ESTOP_REC_A_12V_LIM[7:0],"Byte 8-7: Reserved
Byte 6-5: Reserved
Byte 4-3: ESTOP B Receiver Voltage Limit in Engineering Units (ESTOP_REC_B_12V_LIM), 16-BIT
Byte 2-1: ESTOP A Receiver Voltage Limit in Engineering Units (ESTOP_REC_A_12V_LIM), 16-BIT",16-bit,signed,,
,0xC2,Upper/Positive Limits Group 19,8,4,Read/Write,0x1FA - Byte 1 - Bit 0,RSVD,RSVD,RSVD,RSVD,12V_B_IMON4_LIM[15:8],12V_B_IMON4_LIM[7:0],12V_B_IMON3_LIM[15:8],12V_B_IMON3_LIM[7:0],"Byte 8-7: Reserved
Byte 6-5: Reserved
Byte 4-3: 12V B Module 4 Current Limit in Engineering Units (12V_B_IMON4_LIM), 16-BIT
Byte 2-1: 12V B Module 3 Current LImit in Engineering Units (12V_B_IMON3_LIM), 16-BIT",16-bit,signed,,
,0xC3,Upper/Positive Limits Group 20,8,4,Read/Write,0x1FA - Byte 1 - Bit 0,RSVD,RSVD,RSVD,RSVD,MB_SP_IMON_LIM[15:8],MB_SP_IMON_LIM[7:0],HV_OR_LIM[15:8],HV_OR_LIM[7:0],"Byte 8-7: Reserved
Byte 6-5: Reserved
Byte 4-3: Spare Motor Bus Current Limit in Engineering Units (MB_SP_IMON_LIM), 16-BIT
Byte 2-1: Battery HV_OR Voltage Limit in Engineering Units (HV_OR_LIM), 16-BIT",16-bit,signed,,
,0xC4,Upper/Positive Limits Group 21,8,4,Read/Write,0x1FA - Byte 1 - Bit 0,RSVD,RSVD,TEMP2_PLIM[15:8],TEMP2_PLIM[7:0],TEMP1_PLIM[15:8],TEMP1_PLIM[7:0],TEMP0_PLIM[15:8],TEMP0_PLIM[7:0],"Byte 8-7: Reserved
Byte 6-5: Temperature Sensor 2 Positive Limit in Engineering Units (TEMP2_PLIM), 16-BIT
Byte 4-3: Temperature Sensor 1 Positive Limit in Engineering Units (TEMP1_PLIM), 16-BIT
Byte 2-1: Temperature Sensor 0 Positive Limit in Engineering Units (TEMP0_PLIM), 16-BIT",16-bit,signed,,
,0xC5,Upper/Positive Limits Group 22,8,4,Read/Write,0x1FA - Byte 1 - Bit 0,RSVD,RSVD,TEMP5_PLIM[15:8],TEMP5_PLIM[7:0],TEMP4_PLIM[15:8],TEMP4_PLIM[7:0],TEMP3_PLIM[15:8],TEMP3_PLIM[7:0],"Byte 8-7: Reserved
Byte 6-5: Temperature Sensor 5 Positive Limit in Engineering Units (TEMP5_PLIM), 16-BIT
Byte 4-3: Temperature Sensor 4 Positive Limit in Engineering Units (TEMP4_PLIM), 16-BIT
Byte 2-1: Temperature Sensor 3 Positive Limit in Engineering Units (TEMP3_PLIM), 16-BIT",16-bit,signed,,
,0xC6,Upper/Positive Limits Group 23,8,4,Read/Write,0x1FA - Byte 1 - Bit 0,RSVD,RSVD,RSVD,RSVD,EX_TEMP1_PLIM[15:8],EX_TEMP1_PLIM[7:0],EX_TEMP0_PLIM[15:8],EX_TEMP0_PLIM[7:0],"Byte 8-7: Reserved
Byte 6-5: Reserved
Byte 4-3: External Temperature Sensor 1 Positive Limit in Engineering Units (EX_TEMP1_PLIM), 16-BIT
Byte 2-1: External Temperature Sensor 0 Positive Limit in Engineering Units (EX_TEMP0_PLIM), 16-BIT",16-bit,signed,,
,0xC7,Upper/Positive Limits Group 24,8,4,Read/Write,0x1FA - Byte 1 - Bit 0,RSVD,RSVD,RSVD,RSVD,LIDAR_B_12V_LIM[15:8],LIDAR_B_12V_LIM[7:0],LIDAR_A_12V_LIM[15:8],LIDAR_A_12V_LIM[7:0],"Byte 8-7: Reserved
Byte 6-5: Reserved
Byte 4-3: LIDAR B Bus Voltage Limit in Engineering Units (LIDAR_B_12V_LIM), 16-BIT
Byte 2-1: LIDAR A Bus Voltage Limit in Engineering Units (LIDAR_A_12V_LIM), 16-BIT",16-bit,signed,,
,0xC8,Upper/Positive Limits Group 25,8,4,Read/Write,0x1FA - Byte 1 - Bit 0,RSVD,RSVD,RSVD,RSVD,CHG_HVIL_OUT_LIM[15:8],CHG_HVIL_OUT_LIM[7:0],STO_24V_LIM[15:8],STO_24V_LIM[7:0],"Byte 8-7: Reserved
Byte 6-5: Reserved
Byte 4-3: Charger Interlock Voltage Limit in Engineering Units (CHG_HVIL_OUT_LIM), 16-BIT
Byte 2-1: STO Voltage Limit in Engineering Units (STO_24V_LIM), 16-BIT",16-bit,signed,,
,0xC9,Upper/Positive Limits Group 26,8,4,Read/Write,0x1FA - Byte 1 - Bit 0,RSVD,RSVD,RSVD,RSVD,ETH_1.2V_LIM[15:8],ETH_1.2V_LIM[7:0],ETH_2.5V_LIM[15:8],ETH_2.5V_LIM[7:0],"Byte 8-7: Reserved
Byte 6-5: Reserved
Byte 4-3: Ethernet 1.2V Voltage Limit in Engineering Units (ETH_1.2V_LIM), 16-BIT
Byte 2-1: Ethernet 2.5V Voltage Limit in Engineering Units (ETH_2.5V_LIM), 16-BIT",16-bit,signed,,
,0xCA,Upper/Positive Limits Group 27,8,4,Read/Write,0x1FA - Byte 1 - Bit 0,RSVD,RSVD,RSVD,RSVD,ECAT_1.2V_LIM[15:8],ECAT_1.2V_LIM[7:0],ECAT_3.3V_LIM[15:8],ECAT_3.3V_LIM[7:0],"Byte 8-7: Reserved
Byte 6-5: Reserved
Byte 4-3: EtherCAT 1.2V Voltage Limit in Engineering Units (ECAT_1.2V_LIM), 16-BIT
Byte 2-1: EtherCAT 3.3V Voltage Limit in Engineering Units (ECAT_3.3V_LIM), 16-BIT",16-bit,signed,,
,0xCB,Negative Limit Group 1,8,4,Read/Write,0x1FA - Byte 1 - Bit 0,RSVD,RSVD,24V_TOTAL_CURR_LIM[15:8],24V_TOTAL_CURR_LIM[7:0],12V_B_TOTAL_CURR_LIM[15:8],12V_B_TOTAL_CURR_LIM[7:0],12V_A_TOTAL_CURR_LIM[15:8],12V_A_TOTAL_CURR_LIM[7:0],"Byte 8-7: Reserved
Byte 6-5: 24V Total Output Current Limit (24V_TOTAL_CURR_LIM), 16-BIT
Byte 4-3: 12V B Total Output Current Limit (12V_B_TOTAL_CURR_LIM), 16-BIT
Byte 2-1: 12V A Total Output Current Limit (12V_A_TOTAL_CURR_LIM), 16-BIT",16-bit,signed,,
,0xCC,Negative Limit Group 2,8,4,Read/Write,0x1FA - Byte 1 - Bit 0,RSVD,RSVD,BATT2_CURR_NLIM[15:8],BATT2_CURR_NLIM[7:0],BATT1_CURR_NLIM[15:8],BATT1_CURR_NLIM[7:0],RSVD,RSVD,"Byte 8-7: Reserved
Byte 6-5: Battery 2 Current Negative Limit in Engineering Units (BATT2_CURR_NLIM), 16-BIT
Byte 4-3: Battery 1 Current Negative Limit in Engineering Units (BATT1_CURR_NLIM), 16-BIT
Byte 2-1: Reserved",16-bit,signed,,
,0xCD,Negative Limit Group 3,8,4,Read/Write,0x1FA - Byte 1 - Bit 0,RSVD,RSVD,TEMP2_NLIM[15:8],TEMP2_NLIM[7:0],TEMP1_NLIM[15:8],TEMP1_NLIM[7:0],TEMP0_NLIM[15:8],TEMP0_NLIM[7:0],"Byte 8-7: Reserved
Byte 6-5: Temperature Sensor 2 Negative Limit in Engineering Units (TEMP2_NLIM), 16-BIT
Byte 4-3: Temperature Sensor 1 Negative Limit in Engineering Units (TEMP1_NLIM), 16-BIT
Byte 2-1: Temperature Sensor 0 Negative Limit in Engineering Units (TEMP0_NLIM), 16-BIT",16-bit,signed,,
,0xCE,Negative Limit Group 4,8,4,Read/Write,0x1FA - Byte 1 - Bit 0,RSVD,RSVD,TEMP5_NLIM[15:8],TEMP5_NLIM[7:0],TEMP4_NLIM[15:8],TEMP4_NLIM[7:0],TEMP3_NLIM[15:8],TEMP3_NLIM[7:0],"Byte 8-7: Reserved
Byte 6-5: Temperature Sensor 5 Negative Limit in Engineering Units (TEMP5_NLIM), 16-BIT
Byte 4-3: Temperature Sensor 4 Negative Limit in Engineering Units (TEMP4_NLIM), 16-BIT
Byte 2-1: Temperature Sensor 3 Negative Limit in Engineering Units (TEMP3_NLIM), 16-BIT",16-bit,signed,,
,0xCF,Negative Limit Group 5,8,4,Read/Write,0x1FA - Byte 1 - Bit 0,RSVD,RSVD,RSVD,RSVD,EX_TEMP1_NLIM[15:8],EX_TEMP1_NLIM[7:0],EX_TEMP0_NLIM[15:8],EX_TEMP0_NLIM[7:0],"Byte 8-7: Reserved
Byte 6-5: Reserved
Byte 4-3: External Temperature Sensor 1 Negative Limit in Engineering Units (EX_TEMP1_NLIM), 16-BIT
Byte 2-1: External Temperature Sensor 0 Negative Limit in Engineering Units (EX_TEMP0_NLIM), 16-BIT",16-bit,signed,,
,,,,,,,,,,,,,,,,,,,
Soft LImit Faults,0xD0,Soft LImit Fault Group 1,8,4,Read/Write,Not protected,RSVD,RSVD,"{HV_OR_LIM, MB_SP_IMON_LIM, 12V_B_IMON4_LIM, 12V_B_IMON3_LIM, ESTOP_REC_A_12V_LIM, ESTOP_REC_B_12V_LIM, AUX_12V_CURR_LIM, AUX_12V_LIM}","{AUX_24V_CURR_LIM, AUX_24V_LIM, 3.3V_CURR_LIM, 3.3V_LIM, 5V_CURR_LIM, 5V_LIM, 24V_LIM, USER_24V_IMON_LIM, USER_24V_LIM}","{12V_LIM, 12V_B_TOTAL_CURR_LIM, 12V_B_IMON4_LIM, 12V_B_IMON3_LIM, 12V_A_TOTAL_CURR_LIM, 12V_IMON2_LIM, 12V_IMON1_LIM, 12_IMON0_LIM}","{24V_TOTAL_CURR_LIM, 24V_IMON2_LIM, 24V_IMON1_LIM, 24_IMON0_LIM, PC_A_12V_IMON_LIM, PC_A_12V_LIM, USER_HV_CURR_LIM, USER_HV_LIM}","{PC_24_IMON_LIM, PC_24_LIM, CHG_HV_LIM, MOT_BUS_LIM, NK_IMON_LIM, BATT2_IN_LIM, BATT1_IN_LIM, HV_LIM}","{LA_IMON_LIM, RL_IMON_LIM, LL_IMON_LIM, BATT2_CURR_NLIM, BATT1_CURR_NLIM, BATT2_CURR_PLIM, BATT1_CURR_PLIM, CHG_CURR_LIM}","Byte 8-7: Reserved
Byte 6: {HV_OR_LIM, MB_SP_IMON_LIM, 12V_B_IMON4_LIM, 12V_B_IMON3_LIM, ESTOP_REC_A_12V_LIM, ESTOP_REC_B_12V_LIM, AUX_12V_CURR_LIM, AUX_12V_LIM}
Byte 5: {AUX_24V_CURR_LIM, AUX_24V_LIM, 3.3V_CURR_LIM, 3.3V_LIM, 5V_CURR_LIM, 5V_LIM, 24V_LIM, USER_24V_IMON_LIM, USER_24V_LIM}
Byte 4: {12V_LIM, 12V_B_TOTAL_CURR_LIM, 12V_B_IMON4_LIM, 12V_B_IMON3_LIM, 12V_A_TOTAL_CURR_LIM, 12V_IMON2_LIM, 12V_IMON1_LIM, 12_IMON0_LIM}
Byte 3: {24V_TOTAL_CURR_LIM, 24V_IMON2_LIM, 24V_IMON1_LIM, 24_IMON0_LIM, PC_A_12V_IMON_LIM, PC_A_12V_LIM, USER_HV_CURR_LIM, USER_HV_LIM}
Byte 2: {PC_24_IMON_LIM, PC_24_LIM, CHG_HV_LIM, MOT_BUS_LIM, NK_IMON_LIM, BATT2_IN_LIM, BATT1_IN_LIM, HV_LIM}
Byte 1: {LA_IMON_LIM, RL_IMON_LIM, LL_IMON_LIM, BATT2_CURR_NLIM, BATT1_CURR_NLIM, BATT2_CURR_PLIM, BATT1_CURR_PLIM, CHG_CURR_LIM}",,Bit Mapped,A fault can be cleared by writing 1 to the corresponding bit. The fault is cleared only rising edge.,
,0xD1,Soft LImit Fault Group 2,8,4,Read/Write,Not protected,RSVD,RSVD,RSVD,RSVD,RSVD,"{LIDAR_B_12V_LIM, LIDAR_A_12V_LIM, ECAT_1.2V_LIM, ECAT_3.3V_LIM, ETH_1.2V_LIM, ETH_2.5V_LIM, CHG_HVIL_OUT_LIM, STO_24V_LIM}","{EX_TEMP1_NLIM, EX_TEMP0_NLIM, TEMP5_NLIM, TEMP4_NLIM, TEMP3_NLIM, TEMP2_NLIM, TEMP1_NLIM, TEMP0_NLIM}","{EX_TEMP1_PLIM, EX_TEMP0_PLIM, TEMP5_PLIM, TEMP4_PLIM, TEMP3_PLIM, TEMP2_PLIM, TEMP1_PLIM, TEMP0_PLIM}","Byte 8-7: Reserved
Byte 6-4: Reserved
Byte 3: {LIDAR_B_12V_LIM, LIDAR_A_12V_LIM, ECAT_1.2V_LIM, ECAT_3.3V_LIM, ETH_1.2V_LIM, ETH_2.5V_LIM, CHG_HVIL_OUT_LIM, STO_24V_LIM}
Byte 2: {EX_TEMP1_NLIM, EX_TEMP0_NLIM, TEMP5_NLIM, TEMP4_NLIM, TEMP3_NLIM, TEMP2_NLIM, TEMP1_NLIM, TEMP0_NLIM}
Byte 1: {EX_TEMP1_PLIM, EX_TEMP0_PLIM, TEMP5_PLIM, TEMP4_PLIM, TEMP3_PLIM, TEMP2_PLIM, TEMP1_PLIM, TEMP0_PLIM}",,Bit Mapped,A fault can be cleared by writing 1 to the corresponding bit. The fault is cleared only rising edge.,
,,,,,,,,,,,,,,,,,,,
Hard Limit Faults,0xD8,Hard LImit Fault Group 1,8,4,Read/Write,Not protected,RSVD,RSVD,"{HV_OR_LIM, MB_SP_IMON_LIM, 12V_B_IMON4_LIM, 12V_B_IMON3_LIM, ESTOP_REC_A_12V_LIM, ESTOP_REC_B_12V_LIM, AUX_12V_CURR_LIM, AUX_12V_LIM}","{AUX_24V_CURR_LIM, AUX_24V_LIM, 3.3V_CURR_LIM, 3.3V_LIM, 5V_CURR_LIM, 5V_LIM, 24V_LIM, USER_24V_IMON_LIM, USER_24V_LIM}","{12V_LIM, 12V_B_TOTAL_CURR_LIM, 12V_B_IMON4_LIM, 12V_B_IMON3_LIM, 12V_A_TOTAL_CURR_LIM, 12V_IMON2_LIM, 12V_IMON1_LIM, 12_IMON0_LIM}","{24V_TOTAL_CURR_LIM, 24V_IMON2_LIM, 24V_IMON1_LIM, 24_IMON0_LIM, PC_A_12V_IMON_LIM, PC_A_12V_LIM, USER_HV_CURR_LIM, USER_HV_LIM}","{PC_24_IMON_LIM, PC_24_LIM, CHG_HV_LIM, MOT_BUS_LIM, NK_IMON_LIM, BATT2_IN_LIM, BATT1_IN_LIM, HV_LIM}","{LA_IMON_LIM, RL_IMON_LIM, LL_IMON_LIM, BATT2_CURR_NLIM, BATT1_CURR_NLIM, BATT2_CURR_PLIM, BATT1_CURR_PLIM, CHG_CURR_LIM}","Byte 8-7: Reserved
Byte 6: {HV_OR_LIM, MB_SP_IMON_LIM, 12V_B_IMON4_LIM, 12V_B_IMON3_LIM, ESTOP_REC_A_12V_LIM, ESTOP_REC_B_12V_LIM, AUX_12V_CURR_LIM, AUX_12V_LIM}
Byte 5: {AUX_24V_CURR_LIM, AUX_24V_LIM, 3.3V_CURR_LIM, 3.3V_LIM, 5V_CURR_LIM, 5V_LIM, 24V_LIM, USER_24V_IMON_LIM, USER_24V_LIM}
Byte 4: {12V_LIM, 12V_B_TOTAL_CURR_LIM, 12V_B_IMON4_LIM, 12V_B_IMON3_LIM, 12V_A_TOTAL_CURR_LIM, 12V_IMON2_LIM, 12V_IMON1_LIM, 12_IMON0_LIM}
Byte 3: {24V_TOTAL_CURR_LIM, 24V_IMON2_LIM, 24V_IMON1_LIM, 24_IMON0_LIM, PC_A_12V_IMON_LIM, PC_A_12V_LIM, USER_HV_CURR_LIM, USER_HV_LIM}
Byte 2: {PC_24_IMON_LIM, PC_24_LIM, CHG_HV_LIM, MOT_BUS_LIM, NK_IMON_LIM, BATT2_IN_LIM, BATT1_IN_LIM, HV_LIM}
Byte 1: {LA_IMON_LIM, RL_IMON_LIM, LL_IMON_LIM, BATT2_CURR_NLIM, BATT1_CURR_NLIM, BATT2_CURR_PLIM, BATT1_CURR_PLIM, CHG_CURR_LIM}",,Bit Mapped,A fault can be cleared by writing 1 to the corresponding bit. The fault is cleared only rising edge.,
,0xD9,Hard LImit Fault Group 2,8,4,Read/Write,Not protected,RSVD,RSVD,RSVD,RSVD,RSVD,"{LIDAR_B_12V_LIM, LIDAR_A_12V_LIM, ECAT_1.2V_LIM, ECAT_3.3V_LIM, ETH_1.2V_LIM, ETH_2.5V_LIM, CHG_HVIL_OUT_LIM, STO_24V_LIM}","{EX_TEMP1_NLIM, EX_TEMP0_NLIM, TEMP5_NLIM, TEMP4_NLIM, TEMP3_NLIM, TEMP2_NLIM, TEMP1_NLIM, TEMP0_NLIM}","{EX_TEMP1_PLIM, EX_TEMP0_PLIM, TEMP5_PLIM, TEMP4_PLIM, TEMP3_PLIM, TEMP2_PLIM, TEMP1_PLIM, TEMP0_PLIM}","Byte 8-7: Reserved
Byte 6-4: Reserved
Byte 3: {LIDAR_B_12V_LIM, LIDAR_A_12V_LIM, ECAT_1.2V_LIM, ECAT_3.3V_LIM, ETH_1.2V_LIM, ETH_2.5V_LIM, CHG_HVIL_OUT_LIM, STO_24V_LIM}
Byte 2: {EX_TEMP1_NLIM, EX_TEMP0_NLIM, TEMP5_NLIM, TEMP4_NLIM, TEMP3_NLIM, TEMP2_NLIM, TEMP1_NLIM, TEMP0_NLIM}
Byte 1: {EX_TEMP1_PLIM, EX_TEMP0_PLIM, TEMP5_PLIM, TEMP4_PLIM, TEMP3_PLIM, TEMP2_PLIM, TEMP1_PLIM, TEMP0_PLIM}",,Bit Mapped,A fault can be cleared by writing 1 to the corresponding bit. The fault is cleared only rising edge.,
,,,,,,,,,,,,,,,,,,,
Battery 1 BMS,0xE0,Reserved,,,,,,,,,,,,,,,,,
,,,,,,,,,,,,,,,,,,,
Battery 2 BMS,0xF0,Reserved,,,,,,,,,,,,,,,,,
,,,,,,,,,,,,,,,,,,,
Charger C&T,0x100,Reserved for Charger Command and Telemetry,,,,,,,,,,,,,,,,,
,,,,,,,,,,,,,,,,,,,
Filter Settings,0x180,Reserved for Filter Settings,,,,,,,,,,,,,,,,,
,,,,,,,,,,,,,,,,,,,
Persistent Counters and Errors,0x1A0,Reserved,,,,,,,,,,,,,,,,,
,,,,,,,,,,,,,,,,,,,
PMB Internal Status,0x1E0,Reserved for Internal State Machine and other internal statuses,,,,,,,,,,,,,,,,,
,,,,,,,,,,,,,,,,,,,
Communication,0x1E8,Reserved for Communication Settings and Statuses like EtherCAT links,,,,,,,,,,,,,,,,,
,,,,,,,,,,,,,,,,,,,
Build Info,0x1F8,HW and FW Revision,8,4,Read/Write,0x1FA - Byte 1 - Bit 3,RSVD,RSVD,RSVD,RSVD,FIRMWARE_REVISION[15:8],FIRMWARE_REVISION[7:0],HARDWARE_REVISION[15:8],HARDWARE_REVISION[7:0],"Byte 8-7: Reserved
Byte 6-5: Reserved
Byte 4-3: Firmware Revision
Byte 2-1: Hardware Revision",16-bit,unsigned,,
,,,,,,,,,,,,,,,,,,,
Write Protects,0x1FA,Write Protect,8,4,Read/Write,Not protected,RSVD,RSVD,RSVD,"{5b00000, 0x23-Byte3, 0x23-Byte2, 0x23-Byte1}","{4b0000, 0x21-Byte4, 0x21-Byte3, 0x21-Byte2, 0x21-Byte1}","{5b00000, 0x20-Byte3, 0x20-Byte2, 0x20-Byte1}","{7b0000000, 0x1F-Byte1}","{4b0000, REV, SCL, OFS, LIM}","Byte 8-7: Reserved
Byte 6: Reserved
Byte 5: {5b00000, 0x23-Byte3, 0x23-Byte2, 0x23-Byte1}
Byte 4: {4b0000, 0x21-Byte4, 0x21-Byte3, 0x21-Byte2, 0x21-Byte1}
Byte 3: {5b00000, 0x20-Byte3, 0x20-Byte2, 0x20-Byte1}
Byte 2: {7b0000000, 0x1F-Byte1}
Byte 1: {4b0000, REV, SCL, OFS, LIM}",,Bit Mapped,"Write Protect for Read/Write registers. In order to write to r/w registers, the corresponding bit of the write register must be asserted.",
,,,,,,,,,,,,,,,,,,,
External Memory ,0x200,Reserved,,,,,,,,,,,,,,,,,
,,,,,,,,,,,,,,,,,,,
Bootloader,0x300,Reserved,,,,,,,,,,,,,,,,,